:020000040800F2
:1000000058730020DD030008B3500008A142000827
:10001000A1500008D1210008315E00080000000056
:100020000000000000000000000000001D030008A8
:100030000922000800000000790300083559000873
:10004000F7030008F7030008F7030008F7030008A8
:10005000F7030008F7030008F7030008F703000898
:10006000F7030008F7030008F7030008F703000888
:10007000F7030008F7030008F7030008F703000878
:10008000F7030008F7030008F7030008F703000868
:10009000F7030008F7030008F7030008F703000858
:1000A000F7030008F7030008F7030008F703000848
:1000B000F7030008F7030008F7030008F703000838
:1000C000F7030008F7030008F7030008F703000828
:1000D000F7030008F7030008F7030008F703000818
:1000E000F7030008F7030008F7030008095A00089F
:1000F000F7030008155A0008F7030008F703000883
:10010000F7030008F7030008F7030008F7030008E7
:10011000F7030008F7030008F7030008F7030008D7
:10012000F7030008F7030008F7030008F7030008C7
:10013000F7030008F7030008F7030008F7030008B7
:10014000F7030008F7030008F7030008F7030008A7
:10015000F7030008F7030008F7030008F703000897
:10016000F7030008F7030008F7030008F703000887
:10017000F7030008F7030008F70300080000000079
:10018000F7030008F703000800F002F800F0B6F8E3
:100190000AA090E8000C82448344AAF10107DA45E2
:1001A00001D100F0ABF8AFF2090EBAE80F0013F07E
:1001B000010F18BFFB1A43F001031847DCB300001E
:1001C000FCB300000A444FF0000C10F8013B13F0A0
:1001D000070408BF10F8014B1D1108BF10F8015BA0
:1001E000641E05D010F8016B641E01F8016BF9D193
:1001F00013F0080F1EBF10F8014BAD1C0C1B09D1EA
:100200006D1E58BF01F801CBFAD505E014F8016B5B
:1002100001F8016B6D1EF9D59142D6D370470000ED
:100220000023002400250026103A28BF78C1FBD8FF
:10023000520728BF30C148BF0B6070476E2900F0DD
:100240008983702900F0CB8466290AF076826529BB
:100250000AF0738267290AF0708261290AF06F82BE
:1002600003681B0A28BF41F08001692900F036832A
:10027000642900F03383752900F030836F2900F082
:100280005984782900F09784E92900F0F383E42960
:1002900000F0F083F52900F0ED83EF2900F056849B
:1002A000F82900F096840368DB0928BF41F080013B
:1002B000632901F0B981732901F0BE81E32901F0BE
:1002C000C981F32901F0CE81002070471FB50AF0E3
:1002D0002AFA9DE8030000F05DFA01F01DFA04001F
:1002E0000020002109F08EFC401C606000200021ED
:1002F00009F072FCE0601FBD10B510BD01F0DEF921
:100300001146FFF7E3FF07F01CFE01F0B7FA03B454
:10031000FFF7F2FF03BC01F0E5FA00002C4B19686F
:100320000868B0E8F04F80F30988BFF36F8F4FF093
:10033000000080F311887047000000000848006842
:10034000006880F308884FF0000080F3148862B6DC
:1003500061B6BFF34F8FBFF36F8F00DF00BF00BFE9
:1003600008ED00E0DFF80C00016841F47001016065
:10037000704700BF88ED00E0EFF30980BFF36F8F97
:10038000134B1A681EF0100F08BF20ED108A20E9E9
:10039000F04F106009B44FF0500080F31188BFF3A4
:1003A0004F8FBFF36F8F08F0E9FF4FF0000080F32D
:1003B000118809BC19680868B0E8F04F1EF0100FEA
:1003C00008BFB0EC108A80F30988BFF36F8F7047C5
:1003D000F4000020EFF305807047000009488047D3
:1003E00009480047FEE7FEE7FEE7FEE7FEE7FEE717
:1003F000FEE7FEE7FEE7FEE704480549054A064B2F
:1004000070470000F959000889010008586D002064
:1004100058730020586F0020586F002070B50646B2
:1004200000F09CF9056806F10B0020F00704B442C7
:100430009CBF002070BD2B466A68BAB11068A0420C
:1004400010D304F1080188423CBF5068586007D3BC
:100450005168101941601168091B016058601460EF
:10046000101D70BD13465268002AE7D12146284668
:1004700000F07CF90028DED170BD70B50446051F80
:1004800000F06CF90068002C14BF446870BD002CAB
:1004900018BFAC423CBF20466468F8D301680A1814
:1004A000AA4218BF456003D12A680546114401607D
:1004B00028684119A1421CBF6C6070BD6168696009
:1004C00021680844286070BD53EA020C00F069807E
:1004D0002DE9F04B4FF00006002B1FBFB3FA83F558
:1004E00003FA05F424FA05F65E4012BF1643B2FA89
:1004F00082F502FA05F4C5F120051EBF22FA05FCBB
:1005000044EA0C04203556EA044C4FEA144418BF60
:10051000641C4FF000084FF00009904271EB030C8F
:1005200039D3002919BFB1FA81F701FA07F6B0FAF9
:1005300080F700FA07F6C7F120071EBF20FA07FC74
:1005400046EA0C062037B6FBF4FCA7EB0507103F84
:1005500007F01F0BCBF120060CFA0BFB2CFA06F66A
:1005600044BFB3460026202FA4BF5E464FF0000BC9
:100570005BEA060C08BF4FF0010B19EB0B09ABFB54
:10058000027C48EB0608C01B06FB02CC0BFB03CC2D
:1005900071EB0C01C1E70B46024641464846BDE8F7
:1005A000F08B13B54FF000004FF00001AFF3008067
:1005B000BDE81C40704700001CB50C46064B7B4450
:1005C00069460090204600F0DEF9044600206946A6
:1005D00000F0ECF920461CBDEB03000010B5203AFA
:1005E000C0F00B80B1E81850203AA0E81850B1E8EC
:1005F0001850A0E81850BFF4F5AF5FEA027C24BFA2
:10060000B1E81850A0E8185044BF18C918C0BDE898
:1006100010405FEA827C24BF51F8043B40F8043B61
:1006200008BF7047D20728BF31F8023B48BF11F816
:10063000012B28BF20F8023B48BF00F8012B704770
:100640004FF000020429C0F0128010F0030C00F0FB
:100650001B80CCF1040CBCF1020F18BF00F8012B79
:10066000A8BF20F8022BA1EB0C0100F00DB85FEA47
:10067000C17C24BF00F8012B00F8012B48BF00F813
:10068000012B70474FF0000200B513469446964682
:10069000203922BFA0E80C50A0E80C50B1F1200195
:1006A000BFF4F7AF090728BFA0E80C5048BF0CC043
:1006B0005DF804EB890028BF40F8042B08BF7047A1
:1006C00048BF20F8022B11F0804F18BF00F8012B13
:1006D000704700004FF0013C50F8042B51F8043BE8
:1006E0009A4221D1A2EB0C03934313EACC1317D106
:1006F00050F8042B51F8043B9A4215D1A2EB0C039D
:10070000934313EACC130BD150F8042B51F8043B5C
:100710009A4209D1A2EB0C03934313EACC13DBD02A
:100720004FF00000704700BFD01A01BAB1FA81F152
:1007300001F0180122FA01F0CB40C1F12001DBB237
:10074000C0B2C01A2CFA01F3D11A914311EAC311B5
:10075000E6D1704770477047704700000048704707
:10076000006D0020704770477047704738B50446E9
:100770000A4600206946AFF30080002808BF38BD54
:1007800002460099204600F001FB012038BD0120FF
:1007900000F08CBFF8B5AFF30080054600200C4692
:1007A000102000BF0646A819A0420DD9324669465E
:1007B0000020AFF30080070008BF00F077FF00982B
:1007C000A04218BF0546C419FFF7C8FF05600746D9
:1007D000F01D20F007004619284600F00AF8B44240
:1007E00008BFF8BDA21B31463868BDE8F84000F0EC
:1007F000CDBA00210160C0E9011070471020704798
:1008000010B500F0BFFA006810BD10B5044600F046
:10081000B9FA046010BD70B5044685690068C10668
:1008200001D5302600E02026C00707D070BDD4E9EE
:10083000012130469047206A401C20626D1EF6D58B
:1008400070BD70B5044685690078C00707D170BDDA
:10085000D4E9012120209047206A401C20626D1EAF
:10086000F6D570BD09684A0501D540B27047C90583
:10087000FCD500B2704709684A0501D5C0B270477F
:10088000C905FCD580B2704770B50C460546012AF3
:1008900005D02878800600D5EA69002302E001230C
:1008A00005E05B1C934202D2E05C0028F9D1A86904
:1008B000E618C01AA861286A184428622846FFF77B
:1008C000AAFF04E0D5E9012114F8010B9047B442D6
:1008D000F8D32846FFF7B5FF70BD00002DE9F041C1
:1008E0000646002410687529314616A510D0FFF77A
:1008F000B9FF002802DA404213A507E031688A07F1
:1009000001D512A502E0490704D511A5012401E093
:10091000FFF7B1FF00210A2206F1240709E0B0FB2E
:10092000F2FCB0FBF2F302FB1C00303078541846A6
:10093000491C0028F3D123462A463046BDE8F04141
:1009400000F083BA000000002D0000002B00000022
:100950002000000011680268006A530501D5087084
:100960000AE0D30501D5088006E0130603D5C217B7
:10097000C1E9000200E008600120704701694A1CDB
:1009800002610878704700B58FB0CDE901310021D0
:10099000059105497944CDE903101146684600F0F8
:1009A00029F90FB000BD0000E5FFFFFF0A6802F85B
:1009B000010B0A60704700002DE9FF5F15468A466B
:1009C0000446DFF8AC80F8440027D8E900103E4622
:1009D000CDE9001010E03AF816106A4602A800F0BF
:1009E00045FE411C07D02178890603D5E2693918F4
:1009F00091420DD80744761C2078800602D5E06924
:100A0000B84205DDAE42E6DB3AF816000028E2D136
:100A1000A069C01BA0612046FFF7FDFED8E90010C9
:100A2000CDE90010002017E03AF818106A4602A835
:100A300000F01CFEB0F1FF3F81460BD000250DF108
:100A4000080B05E0D4E901211BF8050090476D1C57
:100A50004D45F7D308F10100B0428046E4DB206A3F
:100A6000384420622046FFF7ECFEBDE8FF9F0000FF
:100A70006AA900002DE9F0418046D21D22F007024C
:100A80000025D2E90002F52915A614D0011E72F145
:100A9000000106DA0023D0EB030063EB020211A68B
:100AA00008E0D8F800108B0701D50FA602E049072F
:100AB00001D50EA601251146002408F1240704E003
:100AC00000F07EF930323A55641C50EA0102F7D149
:100AD0002B46324621464046BDE8F04100F0B5B90C
:100AE000000000002D0000002B000000200000008E
:100AF00030B4002100F1240408E002F00705D20818
:100B0000303542EA4372DB086554491C52EA03055A
:100B1000F3D10468002310A2250708D504F02004AF
:100B20000C4304D0C46901230CA2641EC46130BC10
:100B300000F08BB910B5044621461068FFF79BFE04
:100B400002462046BDE810400023D1E7D21D22F026
:100B50000701D1E90023CBE70000000030000000CE
:100B6000F0B40D460188090502D5214C7C4402E011
:100B70001F4C7C440E34002100F1240608E002F0F2
:100B80000F071209E75D42EA03721B097754491CFB
:100B900052EA0307F3D102780023120704D5702D1F
:100BA00006D009B1022311342246F0BC00F04DB941
:100BB00001231034F8E770B504460D46214610684D
:100BC000FFF759FE024629462046BDE87040002343
:100BD000C6E7D21D22F00703D3E90023C0E703686C
:100BE000126843F0200303600823C3610023B7E7C2
:100BF000CCA700002DE9F05F894604464FF0000ABB
:100C0000DFF874B1FB44C0F820A02046E1688847B3
:100C1000002874D0252806D0D4E901219047206A05
:100C2000401C2062F1E700265F462046E1688847C5
:100C30002028054607DB312D05D2781910F8200C45
:100C400008B10643F1E7B00701D526F00406C4F861
:100C50001CA00027C4F818A02A2D09D0284605F0AA
:100C60009BFE38B304EB8708303DC8F8185019E0F4
:100C700059F8041B204604EB87029161E16888471C
:100C8000012F054618D1E069002820DA26F0200659
:100C90001DE0D8F8180000EB800005EB400030386C
:100CA000C8F818002046E1688847054605F074FE3C
:100CB0000028EED1012F0AD02E2D08D12046E16860
:100CC00088477F1C0546022F46F02006C4DBA0693A
:100CD000002803DA404246F00106A061F00701D087
:100CE00026F010066C2D0BD0682D09D04C2D39D074
:100CF0006A2D35D0742D35D07A2D33D016E038E0FA
:100D0000E1682F4620468847B842054609D16C2F36
:100D100026D04FF48060E1680643204688470546A8
:100D200004E06C2F1AD04FF4807006430DB3A5F188
:100D30004100192802D8203546F400664A46294663
:100D4000204626604E46FFF779FA80B101280BD085
:100D5000F61D26F0070000F1080956E74020E4E7F9
:100D60008020D8E70020D6E706F104094DE72846A1
:100D700052E7206ABDE8F09F5CA70000004870477A
:100D8000F86C002000487047F86C0020034640686B
:100D90008C46002818BF88423CBF03464068F8D301
:100DA00018681844884207D00CF1030020F00700AF
:100DB000001D411A521A0146081D0A60FFF75DBB6B
:100DC00030B5B0F10A024FEA900E71F100034EEA1D
:100DD000817EB0EB0E0061EB91014FEA101E4EEAEE
:100DE000017E10EB0E0041EB11114FEA102E4EEA7E
:100DF000016E10EB0E0041EB11214FEA104E4EEA4E
:100E0000014E10EB0E0041EB1141401841F1000181
:100E10004FEAD00040EA41704FEAD10110EB800563
:100E20004FEA810444EA907444EB01046D1944EBE9
:100E30000404521BA3414FF0000348BF0A3200D5FF
:100E400030BD401C41F1000130BD2DE9F0470D4699
:100E500099469246044600F124080168880604D5A4
:100E6000E06921F01001216000E00120A84201DDCD
:100E7000471B00E00027A1697A1902EB0900081A54
:100E8000A0612078C00602D42046FFF7C4FC0026EB
:100E900008E0D4E901211AF806009047206A401CB6
:100EA000761C20624E45F4DB2078C0060AD5204629
:100EB000FFF7B1FC06E0D4E9012130209047206A19
:100EC000401C2062381EA7F10107F4DC07E0D4E9DA
:100ED000012118F805009047206A401C2062281E56
:100EE000A5F10105F3DC2046FFF7ABFC20780006F6
:100EF00002D50220BDE8F0870120FBE770472DE90D
:100F0000FF4F0C461E464FF0FF378BB0D2E9000171
:100F1000DDF860800A908A46C1F30A5505B93D465E
:100F2000002108464FF00000BAF1000F00F4400025
:100F300005DA00EB80004FF4400101EA50004FEA6F
:100F40009059B9F1010F00DDB9460A9850EA4A00FC
:100F50000ED044F61050A5F2FF3545432F14B8F1DA
:100F6000000F1ED07542291E1EDDC9F100021CE0D3
:100F7000B8F1010F4FF0000001D0302103E0F2433F
:100F800005E02154401CB042FBDB3046002200212A
:100F900021540B99C1F80880C1E900200FB0BDE8C9
:100FA000F08FBD1B6D1CDEE74A4600DA694206A8D9
:100FB00000F0F6FB06AB93E8070003AB83E80700FD
:100FC00050460A9900F0B4FC8DE80700A0F50050E7
:100FD0001F3800900398002D09DD42F21F014A4698
:100FE000084403A90390684600F013FF08E0A0F549
:100FF00000504A461F3803A90390684600F01DFFC1
:101000008DE807000004000C03D04FF0FF304108CA
:1010100000E01046B8F1000F03D000220092154600
:101020001EE0751E05D4FFF7CBFE303262556D1EF3
:10103000F9D5B3460122084302D000227F1C04E008
:101040002078302801D100227F1E002A099786D0FF
:101050001DE0112D07DAFFF7B3FE303262556D1C2B
:1010600050EA0102F5D1084302D00098C8B10EE061
:101070000021681E05E0235C625C63542254401E1C
:10108000491C8142F7DBAB46A81B401E099000209B
:1010900004F80B000B98099AC0F80880C0E9002BEF
:1010A0007CE711264FF0000859E72DE9F04F8846FC
:1010B0000446D21D22F0070191B0D1E90001CDE92B
:1010C0000A0104F0B6FE02460B98C00F01D02D2095
:1010D00007E02068810701D52B2002E0202101EAEA
:1010E000C000032A099001D0072A05DB03464146C8
:1010F000204600F015FB0BE12078800601D5E06961
:1011000000E00620B8F1650F814606D0B8F1660F01
:1011100018D0B8F1670F70D131E00020B9F1110F8C
:10112000009001DB112301E009F101030AAA01A9E2
:101130000CA8FFF7E4FEDDE90C70002609F10105BB
:10114000834647E001204B4600904FF000470AAA33
:1011500001A90CA8FFF7D3FEDDE90DB00C995D469F
:10116000002610B909F101000D18B9EB050003D4F0
:10117000C0F1FF3609F10105A5EB09002BE0B9F13B
:10118000010F01DA4FF001090020B9F1110F0090B1
:10119000484601DD112300E003460AAA01A90CA874
:1011A000FFF7ADFEDDE90C704D4600268346207842
:1011B00000070AD4AB4500DA5D4601A8012D04DD25
:1011C000411911F8011C302907D04F4502DA17F1F7
:1011D000040F04DA012082460FE06D1EEEE7002FB7
:1011E00002DCED1B3E4403E0781CA84200DD7D1CC0
:1011F000B81B00F1010A4FF000472078000703D424
:10120000AA4501DB4FF0FF3A0021B7F1004F0DF185
:1012100043088DF8431024D002202B23002F01DA3D
:101220007F422D230A21021EA0F1010000DC5FB1E4
:1012300097FBF1FC97FBF1F201FB1C7C17460CF1CC
:10124000300C08F801CDEEE7A8F101000370218809
:10125000090501D5452100E06521A0F1010800F84C
:10126000011C09980FA9A1EB0807FF1D00B101207F
:10127000411901EBEA70A1693844081A401EA061C7
:101280002078C00602D42046FFF7C5FA099828B195
:10129000D4E901219047206A401C20622078C006D2
:1012A00022D52046FFF7B7FA1EE0002E04DBB34537
:1012B00002DD01A8805D00E03020D4E901219047E3
:1012C000206A401C2062761CAAF101005FEA000A35
:1012D0000AD100F021FAC0680168405CD4E901211C
:1012E0009047206A401C2062281EA5F10105DCDC25
:1012F00007E0D4E9012118F8010B9047206A401C4F
:101300002062381EA7F10107F3DC2046FFF799FAA7
:10131000032011B043E600002DE9F04F04460D46CE
:10132000D21D22F0070089B0D0E900924846174646
:10133000394604F07EFD0246F80F01D02D2307E068
:101340002068810701D52B2302E0202101EAC00398
:101350008DF820300BB1012000E00020032A8246E6
:1013600001D0072A04DB2946204600F0D9F93DE1E7
:101370002078800601D40D2500E0E569C7F30A5600
:101380000D2D49DA00214FEA175B08464FF00000A7
:10139000002F00F4400007DA00EB80004FF440011A
:1013A00000EBD07001EA60008115012901DD4FF0EA
:1013B000FF3100224FEA850CBCF1180F06D313460B
:1013C000ACF118004FF08052C24003E04FF480139C
:1013D00023FA0CF30CF10C0CBCF1200F04D3ACF18C
:1013E000200C09FA0CF001E007FA0CF000294FF08C
:1013F000004801DD18B90FE00ED140450CD319EBC0
:1014000002095F4121B9404502D19F4329EA0209FF
:10141000BBEB175F00D0761C2088000502D57B4807
:10142000784402E079487844193808AA302302F851
:101430000A30037C0AF10101002E0AF1020A53541A
:101440006A4602DC4FF0300101E04FF031014FF00D
:1014500001088DF8001002D0A6F2FF3603E059EA29
:10146000470100D06A4E002D02DC2178090704D51F
:101470004FF002082E218DF80110C44600210BE028
:10148000C7F303433F01C35C491C6D1E02F80830DB
:10149000052908F1010801DA002DF1DC00210CE03A
:1014A00000EB1973491C1B786D1E082902F80830DF
:1014B0004FEA091908F1010801DA002DF0DC217862
:1014C000890602D514E0A8F10108E04505DD02EB2C
:1014D000080111F8011C3029F5D0B8F1000F07DD23
:1014E00002EB080111F8011C2E2901D1A8F1010815
:1014F000002D05DD3E2102F808106D1E08F10108DF
:10150000407C002E02F8080008F1010804DA2D20C2
:10151000764202F8080002E02B2002F808000A21B7
:101520004FF47A70864208F101080BDB96FBF0F36A
:10153000303302F8083096FBF0F308F1010800FBA5
:10154000136601E0642E0CDB642096FBF0F330336D
:1015500002F8083096FBF0F308F1010800FB13666F
:1015600001E00A2E06DB96FBF1F0303002F80800AD
:1015700008F1010896FBF1F001FB1060303002F831
:101580000800A16908F1010808EB050202EB0A0056
:10159000081AA0612078C00602D42046FFF73BF964
:1015A000216A08AE01EB0A00206204E0D4E90121BF
:1015B00016F8010B9047BAF1010AF7D22078C0065D
:1015C00002D52046FFF727F96E4609E016F8010B11
:1015D0003E280FD0D4E901219047206A401C2062A8
:1015E000B8F10108F2D22046FFF72BF909B0032029
:1015F000BDE8F08F206A2844206203E0D4E901218D
:10160000302090476D1EEBD3F8E7000087A0000064
:1016100002FCFFFF10B5436913B1AFF3008001E096
:10162000FFF732F9012010BD127800F124010A7091
:1016300000224A700122EDE711684FF0FF32E9E71E
:1016400010B5436913B1AFF3008001E0FFF7B4F9BF
:10165000012010BD128800F1240182840022C2847E
:101660000122EDE711684FF0FF32E9E770B5164649
:101670000C46054600F048F8036893F8010101287C
:1016800006D0FF2C0FD8185D68B101202C7070BDFA
:10169000D3F807013246214603F2071303442846D4
:1016A000BDE8704018474FF0FF3070BD10B500F036
:1016B000F1F8BDE8104000F0E7B870477546FFF755
:1016C0005DFBAE4605006946534620F0070085469F
:1016D00018B020B5FEF790FEBDE820404FF00006A0
:1016E0004FF000074FF000084FF0000B21F007010A
:1016F000AC46ACE8C009ACE8C009ACE8C009ACE84D
:10170000C0098D467047000010B500F005F8001DB7
:1017100010BD00BFF184000000487047186D002024
:101720002DE9F0411F46044603260168072A01F40B
:10173000006004DB08B116A505E016A503E008B1BA
:1017400015A500E015A521F010002060A069C01EBD
:10175000A0610FB1401EA0612046FFF75CF84FB1B9
:10176000D4E9012138469047206A401C2062C01C01
:10177000206206E0206AFAE7D4E9012115F8010B9E
:101780009047761EF8D22046FFF75BF8BDE8F0815F
:101790004E414E006E616E00494E4600696E660015
:1017A0002DE9F047814616468AB0334878440DC883
:1017B0008DE80D0030487844801C03AC0DC884E8E7
:1017C0000D0041F69B300844372190FBF1F290FB6D
:1017D000F1F5A5F1800501FB12041B3C02D5644222
:1017E000012000E00020DFF890A080460027FA44A6
:1017F000AAF1BE0A0DE0E00709D03246684607EBC1
:1018000047010AEB810100F018FB8DE80700641026
:101810007F1C002CEFD1184F7F44AC3F18E0E80745
:1018200014D007EB04100DF1180A90E80E008AE8B6
:101830000E00C068F04201D198190890324606A9FE
:1018400003A800F0FAFA03AB83E807006D10641CEC
:10185000002DE4D132466946B8F1000F03A802D04A
:1018600000F0D7FA01E000F0E8FAC9E90001C9F890
:1018700008200AB0BDE8F0878C9D00000446AFF355
:1018800000802046FEF743FD002801D000F02AB872
:101890007047000010B5012805D0002103A000F01A
:1018A00027F8012010BD09A1F8E70000534947526D
:1018B000544D454D3A204F7574206F662068656120
:1018C00070206D656D6F7279000000003A204865E8
:1018D0006170206D656D6F727920636F72727570C3
:1018E0007465640001491820ABBEFEE726000200C3
:1018F00070B505460C460A2000E06D1C00F011F89A
:1019000035B128780028F8D102E0641C00F009F80D
:1019100014B120780028F8D1BDE870400A20AFF358
:10192000008008B569468DF800000320ABBE08BDF5
:101930005FEA400C08BF91F0000F4FEA8C234FEA9A
:10194000C12243EA51514FEA1C5018BF00F5F04044
:101950004FEA300018BF41F000415FEA6C5C00F0D4
:101960002980BCF1FF3F08BF40F080407047130C56
:1019700006BF12044FF0100C4FF0000C130E04BF02
:1019800012020CF1080C130F04BF12010CF1040C2D
:10199000930F04BF92000CF1020CD30F04BF52004E
:1019A0000CF1010C11464FF00002A0F11F00A0EB5A
:1019B0000C00704711F0004F08BF704731F0004134
:1019C0003FF4D5AF0B0C06BF09044FF0100C4FF0DD
:1019D000000C0B0E04BF09020CF1080C0B0F04BF26
:1019E00009010CF1040C8B0F04BF89000CF1020CEF
:1019F000CB0F04BF49000CF1010CCCF12003A0EB8C
:101A00000C0022FA03F302FA0CF241EA030100F19E
:101A10000100704720F07F4C80EA030023F07F47ED
:101A2000ACEB070303F57C5300F0004003F1FF0328
:101A30002DE980494FEA154B09B44FEA144325EAD2
:101A40000B4E24EA03480FF2042606EB132749083D
:101A50003E785FEA320203FB0667C7F5000707FB23
:101A600006F64FEA54374FEAD64606F1020607FB60
:101A7000066CCCF1005C4FEA1C472CEA074C07FBD4
:101A800006F40CFB06F504EB15464FEA961634BF38
:101A900000204FF000404FEAD13706FB07FC4FEA29
:101AA0001C4C0CFB0BF7D21B03FB0CF761EB070183
:101AB0000CFB0EF7B0EB074072EB17420CFB08F77C
:101AC00034BFA2EB0742B2EB074261EB17414FEA8A
:101AD0000C444FEA910706FB07FC4FEA1C4C0CFB39
:101AE0000BF7B0EBC74072EB573203FB0CF734BF78
:101AF000A2EBC742B2EBC74261EB57310CFB0EF7CA
:101B0000B0EBC70072EB57720CFB08F734BFA2EBC7
:101B1000C702B2EBC70261EB5771039F4FEA8161C5
:101B200041EA921104EBCC044FEAD1374FEA8262CA
:101B300006FB07FC42EA90124FEA80604FEA1C4C19
:101B40000CFB0BF7D21B03FB0CF761EB07010CFB43
:101B50000EF7B0EB074072EB17420CFB08F734BFEF
:101B6000A2EB0742B2EB074261EB17414FEA8C55FB
:101B70004FEA910704EB9C2406FB07FC4FEA1C4C40
:101B80000CFB0BF7B0EBC74072EB573203FB0CF7C3
:101B900034BFA2EBC742B2EBC74261EB57310CFB3B
:101BA0000EF7B0EBC70072EB57720CFB08F734BFAF
:101BB000A2EBC702B2EBC70261EB577115EB4C25E4
:101BC0004FEA816141EA92114FEA82624FEAD137CE
:101BD00042EA901206FB07FC44F100044FEA8060E1
:101BE0004FEA1C4C0CFB0BF7D21B03FB0CF761EB11
:101BF00007010CFB0EF7B0EB074072EB17420CFB32
:101C000008F734BFA2EB0742B2EB074261EB174182
:101C100015EB1C154FEA813141EA92414FEA8232BD
:101C200042EA90424FEA80304FEA0C7644F10004D9
:101C300048EA03434EEA0B484FF0000EB2EB080CA3
:101C400071EB030724BF624639464EEB0E0E4FF090
:101C5000000B0018524149414BEB0B0BB2EB080C47
:101C600071EB03077BF1000B24BF624639464EEB54
:101C70000E0E4FF0000B0018524149414BEB0B0B7D
:101C8000B2EB080C71EB03077BF1000B24BF62463B
:101C900039464EEB0E0E51EA020718BF46F0010618
:101CA00016EB0E7655F1000254F1000103D5BDE8A4
:101CB0008901BDE80088BDE88901BDE80048B61982
:101CC000524141EB0101A3F10103704780807F7E07
:101CD0007D7C7B7A797877767675747372717170A2
:101CE0006F6E6E6D6C6C6B6A6A6968686766666554
:101CF0006464636362616160605F5F5E5E5D5D5CE2
:101D00005C5B5B5A5A595958585757565655555552
:101D10005454535352525251515050504F4F4F4EB2
:101D20004E4D4D4D4C4C4C4B4B4B4A4A4A49494900
:101D30004848484747474746464645454544444442
:101D4000444343434342424242414141002B26D453
:101D5000770021D01CB54FEA370703B44FF01000CD
:101D60004FF010014FF000000FBCBDE810400BF128
:101D7000010BBBF1010F08BF5FEA170722BF12F189
:101D8000010211F101014FF0004143F1000300F0A5
:101D9000004043EA00007047F9D35708DAE746EA03
:101DA000064613F1400F4FEA16461FDD13F1200FD0
:101DB000DFBF16430A46002120335B42C8D0C3F17F
:101DC000200746EA064602FA07F74FEA164646EAB1
:101DD0000706C3F1200722FA03F201FA07F721FAF6
:101DE00003F14FF0000342EA0702B1E746EA0206B8
:101DF00046EA06464FEA164646EA0106BCBF46EAF0
:101E00000646360C4FF000034FF000024FF0000181
:101E10009EE72DE9C048934630B491E8380007C8E2
:101E200031EA400C48BF34EA430C03D5FFF7F2FD1A
:101E3000FFF78CFFF0BCBDE800882DE9C048934651
:101E400030B491E8380007C810F0804F08BF13F095
:101E5000804F03D100F005F8FFF778FFF0BCBDE834
:101E6000008820F07F4780EA030023F07F4C07EBD7
:101E70000C03A3F57C5300F00040A3F1FE0392F0A5
:101E8000000F00F0B38095F0000F00F077802DE98F
:101E900001494FEA11404FEA144621EA004800FB8D
:101EA00006FC24EA064708FB06F607FB08F800FBD9
:101EB00007F718EB06484CEB164C4FEA124B18EBA1
:101EC00007484FEA15464CEB174022EA0B4E0BFB36
:101ED00006FC25EA06470EFB06F607FB0EFE0BFB8B
:101EE00007F71EEB064E4CEB164C4FF000061EEBB0
:101EF000074E4CEB174B18EB0B0840F1000018EBAA
:101F00000E0B58EB000840F100008F1A4FF0000153
:101F10003CBFC943661B14BFB5EB040C00213CBF9A
:101F2000C943F61B4FEA17444EEA8E0E27EA0445D2
:101F30004FEA1C4704FB07622CEA074C05FB07F736
:101F40000CFB05F604FB0CFC16EB074642EB1742B4
:101F500016EB0C4642EB1C421BEB060658EB02024A
:101F6000414146EA9E0601D5BDE80189B6195241B4
:101F700041EB0101A3F10103BDE801894FEA1445DA
:101F80004FEA114724EA054621EA074C05FB07F40E
:101F900006FB07F70CFB06F105FB0CFC11EB0741F8
:101FA00044EB17444FEA124711EB0C4144EB1C443D
:101FB00022EA074C05FB07F206FB07F70CFB06F6C7
:101FC00005FB0CFC16EB074642EB174216EB0C46E2
:101FD00042EB1C456A1854F1000148BF7047B6191E
:101FE000524141EB0101A3F10103704795F0000F4D
:101FF00037D04FEA11424FEA144721EA024624EA59
:10200000074C02FB07F106FB07F70CFB06F402FB8B
:102010000CFC14EB074441EB17414FEA154714EB56
:102020000C4441EB1C4125EA074C02FB07F506FB7B
:1020300007F70CFB06F602FB0CFC16EB074645EB1C
:10204000174516EB0C4645EB1C42121951F10001E5
:1020500048BF7047B619524141EB0101A3F101039A
:1020600070474FEA14454FEA114724EA054621EA32
:10207000074C05FB07F106FB07F70CFB06F24FF0D8
:10208000000605FB0CFC12EB074241EB174112EB7B
:102090000C4251EB1C4148BF7047921841EB0101C3
:1020A000A3F1010370470000464910B54A6822F4C5
:1020B00040324A604A6843681A434A6001684A6885
:1020C00022F480724A6001684A68036942EA032286
:1020D0004A6001684A6822F040724A6001684A68B2
:1020E00083681A434A6001688A6822F400628A6041
:1020F00001688A68C3681A438A60816A6FF07062F7
:10210000D14201688A6822F070628A6001688A6838
:102110000CD0836A1A438A6001688A6822F04052B0
:102120008A6001688A68C36A1A4301E022F040525B
:102130008A6001688A6822F002028A6001688A68FF
:10214000037E42EA43028A6090F820100029016869
:102150004A680FD042F400624A6001684A6822F47B
:1021600060424A6001684A68174C436A04EB433393
:102170001A4301E022F400624A600168CA6A22F44C
:102180007002CA620168CA6A838B104C04EB035365
:102190001A43CA6201688A6822F400728A60016880
:1021A0008A6890F8303042EA43228A6001688A687F
:1021B00022F480628A6001688A68406942EA80206D
:1021C000886010BD0023014000E0FFFF0000F0FF29
:1021D000FEE7000010B50A4C0A484FF480712269EE
:1021E000521C22610F2A01DA012200E0002200F0D5
:1021F0008CFB20691E2801DD0020206110BD00003D
:1022000000000020000002407047000070B50D4D36
:10221000002401220221284600F077FB322005F03D
:1022200051FF00220221284600F06FFB322005F00A
:1022300049FF641C052CECDBBDE870404FF4967040
:1022400005F040BF000802402A4D2B4E2B4FDFF80F
:10225000B0800024287908B1072846D104F078FE20
:10226000D6E90A0104F0C4FBA0B3012038700020B5
:10227000C0EBC00101EB001105EB81018C650C6620
:10228000CC64401C0428F3DB002004F089FE00220B
:1022900011461046D5F8783104F0A0FE002108461A
:1022A00005F044F90021084604F002FE1548846058
:1022B000C460446004614461846106F0BDFD642033
:1022C00005F0FEF9C6E90A0142F2107005F0F8F9CE
:1022D000C6E90C01387840B198F80000032804D30F
:1022E00006F0AAFD88F800403C70052005F0EAFEE3
:1022F000B0E70000F0070020A00000204D00002003
:102300004E000020BC020020012005F0DBFEFBE7B0
:102310004FF4FA6005F0D6FE03F0D2F90120F9E798
:1023200072B6FEE778B50024009490F83C20012AAC
:1023300019D0012280F83C200A6807230568092A81
:1023400013D9EE680A3A02EB420293409E43EE60D4
:102350000B788A680A3B03EB43039A400368DD6805
:102360002A43DA6010E0022078BD2E6902EB4202B7
:1023700093409E432E610B788A6803EB43039A4097
:1023800003681D692A431A614A681F23072A13D26A
:1023900005686E6B521E02EB820293409E436E6391
:1023A0000B790A885B1E92B203EB83039A400368A1
:1023B0005D6B2A435A6327E005680D2A12D22E6B03
:1023C000D21F02EB820293409E432E630B790A8850
:1023D000DB1F92B203EB83039A4003681D6B2A4311
:1023E0001A6311E0EE6A0D3A02EB820293409E43BB
:1023F000EE620B790A880D3B92B203EB83039A409D
:102400000368DD6A2A43DA62164B0568144A9D4266
:1024100006D10D68122D03D1556845F4800555602D
:1024200005689D4218D10B68102B01D0112B13D1D8
:10243000536843F400035360096810290CD10A491A
:102440000A4A0968B1FBF2F101EB8101490000E0A1
:10245000491E00910029FBD180F83C40002078BD46
:1024600000230140002001408400002040420F0072
:102470000068C06C704770B504004FF0000503D0D1
:10248000206C002610B107E0012070BD204600F04E
:102490001DF8666484F83C60206CC00610D4206C83
:1024A00020F4885040F0020020642046FFF7FCFD35
:1024B0006664206C20F0020040F00100206400E01F
:1024C000012584F83C60284670BD000010B586B038
:1024D000044614216846FEF7D5F811492068884261
:1024E0001BD110480021026842F48072026000682B
:1024F00000F4807005900B481438026842F0020224
:102500000260006800F00200059003200090CDE911
:1025100001016946044800F0FBF806B010BD000058
:102520000020014044380240000402402DE9F041FF
:10253000044600680D4681684FF0000749050BD539
:102540008068C00508D5206C40F02000206484F825
:102550003C700120BDE8F08100F0DCF9064613E094
:10256000681C11D025B100F0D5F9801BA8420BD909
:1025700020680068800707D4206C40F004002064C5
:1025800084F83C700320E5E7206800688007E7D501
:1025900021686FF012000860206C40F40070206425
:1025A0002068816811F0405F13D1217E89B9C16A2A
:1025B00011F4700F02D0806840050AD4206C20F41A
:1025C00080702064206CC00403D4206C40F00100B3
:1025D00020640020BEE7000018B50021009190F8AB
:1025E0003C20012A07D0012280F83C200268936831
:1025F000DB0702D011E0022018BD936843F001030D
:1026000093602E4A2E4B1268B2FBF3F202EB4202A9
:1026100000E0521E0092002AFBD102689368DB079B
:1026200042D0036C40F20164A34343F4807303641B
:1026300053685B0505D5036C23F4005343F48053C2
:102640000364036CDB0404D5436C23F0060343648A
:1026500000E0416480F83C101A496FF022031360D7
:1026600049680068CA06184906D0884224D18168A2
:1026700011F0405F13D01FE08842F8D0134A904217
:1026800003D1D1F80423D206F1D0114A904213D1DC
:10269000D1F8041301F01F011029E8D30CE0816880
:1026A00041F08041816007E0016C41F0100101645C
:1026B000416C41F001014164002018BD84000020FC
:1026C00040420F0000230140002001400021014052
:1026D0000022014090F83C1001290CD0012180F823
:1026E0003C1001688A6822F001028A6001688968EA
:1026F000C90702D007E002207047016C21F488511D
:1027000041F001010164002180F83C100846704747
:102710002DE9F84FDFF8BCA10022012503264FF078
:102720000F090AF1040BAAF1040E00BF0B6805FAA9
:1027300002F42340A34270D10F7907F00307012F61
:1027400001D0022F16D187684FEA420806FA08FC2A
:1027500027EA0C07D1F80CC00CFA08FC4CEA070C6D
:10276000C0F808C04768A7430C79C4F3001494402C
:102770003C4344600C79E443A4070AD0C4684FEAA0
:10278000420C06FA0CF7BC438F6807FA0CF7274394
:10279000C7600C7904F00304022C12D1D40800EBBA
:1027A000840CDCF820405707FF0E09FA07F824EAEA
:1027B0000804D1F8108008FA07F848EA0408CCF8B1
:1027C000208004684FEA420C06FA0CF7BC430F79EC
:1027D00007F0030707FA0CF7274307604C6814F467
:1027E000403F70D03C4C276847F4804727602468FE
:1027F00022F0030704F480440094384C07EB040CE7
:10280000DCF8084897074FEA177809FA08F7BC433D
:10281000334FB84202D1002724E054E0314FB84290
:1028200001D101271EE0304FB84201D1022719E043
:102830002E4FB84201D1032714E02D4FB84201D1E9
:1028400004270FE02B4FB84201D105270AE02A4F99
:10285000B84201D1062705E0284FB84201D1072729
:1028600000E0082707FA08F72743CCF80878DAF8D9
:1028700000405746D1F804C09C435FEACC2C00D5F9
:102880001C433C60DBF800405F46D1F804C09C4329
:102890005FEA8C2C00D51C433C60DEF80040774694
:1028A000D1F804C09C435FEA8C3C00D51C433C60DB
:1028B000084F083F3C68D1F804C09C435FEACC3C19
:1028C00000D51C433C60521C102AFFF42FAFBDE81A
:1028D000F88F0000083C01404438024000300140BD
:1028E000000002400004024000080240000C0240C8
:1028F000001002400014024000180240001C024078
:102900000069084000D0012070470AB1816170471A
:102910000904FBE70148806870470000E8000020D8
:1029200070B5040025D094F83D00002520B984F846
:102930003C50204600F04EF9242084F83D002068E9
:10294000016821F0010101602068016841F4004143
:1029500001602068016821F40041016000F0FEFA86
:102960004D4A6168914201D84C4900E04C49884287
:1029700001D2012070BD4B492368B0FBF1F15E68C4
:1029800026F03F060E435E606368934206D94FF41B
:10299000967359434FF47A73B1FBF3F12368491CE2
:1029A0001E6A26F03F06314319626168914210D8D1
:1029B0004900401EB0FBF1F2521CC2F30B02042A84
:1029C00001D2042022E0B0FBF1F0401CC0F30B0068
:1029D0001CE0A268F2B301EBC10303EB0116431E36
:1029E000B3FBF6F35B1C43F480431B0549D092B361
:1029F00001EBC10202EB0111401EB0FBF1F0401CE3
:102A0000C0F30B0040F4804040F400402168CA69E4
:102A10004CF6FF739A431043C861D4E90710014391
:102A20002068026822F0C00211430160D4E903016A
:102A300001432068826848F2FF339A431143816062
:102A4000D4E9050108432168CA6822F0FF02104357
:102A5000C86001E00EE016E02068016841F0010165
:102A600001602564202084F83D00256384F83E50F1
:102A7000002070BD01EB4106431EB3FBF6F35B1C67
:102A8000B3E70120C2E701EB4101401EB0FBF1F0CA
:102A9000401CC0F30B00B7E7A086010080841E0035
:102AA00000093D0040420F002DE9F84F1F469046B7
:102AB0008A460446DDF82890FFF72CFF054694F877
:102AC0003D0020287FD1192301224049204600954E
:102AD00001F078FC002876D194F83C00012872D0EF
:102AE000012084F83C0020680168C90703D101680F
:102AF00041F0010101602068016821F4006101607A
:102B0000212084F83D00102084F83E000026266431
:102B1000C4F824806785608D20852D48E0622B46AF
:102B20004A465146204601F0D3FB90B920684169DE
:102B30008069009036E02A464946204601F0E8FCCC
:102B400050B1206C042804D12068016841F4007160
:102B500001600120BDE8F88F606A21680078086193
:102B6000606A401C6062618D491E6185218D491E2D
:102B700089B2218522685369DB435B070BD451B1CD
:102B800000781061606A401C6062608D401E608544
:102B9000208D401E20852A464946204601F0E6FB4E
:102BA0000028CED1208D0028C5D154F83D0B0168F6
:102BB00041F400710160202004F81E09E677667771
:102BC0000020C7E7FFE70220C4E700000200100072
:102BD0000000FFFF10B586B0044614216846FDF7DB
:102BE00051FD1949206888422CD1184800210268FB
:102BF00042F0020202600068154C00F002000590ED
:102C00004FF4406000901220CDE9010103200390B1
:102C10000420049069462046FFF77AFD0B491031E5
:102C2000086840F4800008600868012200F4800011
:102C3000059009152046FFF768FE0122D1022046C3
:102C4000FFF763FE06B010BD005800403038024068
:102C50000004024002488168027811448160704794
:102C6000E80000200B4810B5016841F400710160D4
:102C7000016841F480610160016841F48071016084
:102C8000032000F09FF8052000F006F800F050F84F
:102C9000002010BD003C024030B505461F4887B0FB
:102CA0000024016841F480710160006806A900F405
:102CB0008070009001A800F031F90498A8B100F0EC
:102CC0004DF940001649174AB0FBF1F11648491E6C
:102CD000026040F2E732C0E90324C0E901148461D4
:102CE00000F044FD040003D015E000F037F9E9E7F7
:102CF0000D4800F0BFFD04000DD12D2000F034F888
:102D0000102D07D2002229462D2000F03BF807485D
:102D1000056000E0012407B0204630BD4038024085
:102D200040420F0000200040C02F0020EC00002097
:102D30000C4882B0016841F480410160006800F4F1
:102D4000804000900748001F016841F080510160F9
:102D50000068002200F0805000900F21901E02B009
:102D600000F010B844380240002809DB00F01F02D0
:102D7000012191404009800000F1E020C0F80011DD
:102D800070470000F0B40E4B1B680C46C3F30223DF
:102D9000C3F10705042D00D90425191D072901D207
:102DA000002300E0DB1E012606FA05F1491E214042
:102DB00099409E40761E16403143F0BC03F051B856
:102DC0000CED00E0064900F0070208684FF6FF032B
:102DD000184040EA0220034A104308607047000090
:102DE0000CED00E00000FA052DE9F0470E46050065
:102DF00065D0DFF81481D8F80000F7B200F00700C2
:102E0000B04207D288F80070D8F8000000F0070040
:102E1000B04254D128683D4C810712D5400703D5F4
:102E2000206840F4E05020602878000703D520682F
:102E300040F4604020602068A96820F0F00008435A
:102E400020602878C0072DD03049686808390128EB
:102E500012D0022813D0032811D00968890700294D
:102E60002DDA216821F0030101432160FFF752FDB3
:102E7000814641F2883A0EE009688903EFE7096864
:102E80008901ECE7FFF746FDA0EB0901514502D9A6
:102E90000320BDE8F0872068696800F00C00B0EB03
:102EA000810FEFD1D8F80010404601F00701B14280
:102EB00007D90770006800F00700B04201D0012078
:102EC000E7E72878400705D52068E96820F4E05056
:102ED000084320602878000706D52068296920F477
:102EE000604040EAC100206000F058F82168084ABC
:102EF000C1F30311515CC8400649086006480068E8
:102F0000FFF7CAFE0020C4E7003C02400838024038
:102F100064A7000884000020EC0000200F2202605B
:102F20000C4A136803F003034360136803F0F003D3
:102F30008360136803F4E053C36012684FF4E053F6
:102F400003EAD20202610448006800F0070008604A
:102F50007047000008380240003C02400448054920
:102F600000680968044AC1F38221515CC840704777
:102F7000840000200838024074A70008044805496E
:102F800000680968044AC1F34231515CC840704787
:102F9000840000200838024074A70008154810B5C6
:102FA000006810F00C02144813D01449042A0FD002
:102FB000082A0ED10F4C241F2268236802F03F021A
:102FC0005B0207D52068C0F38810A0FB010106E072
:102FD000084610BD2168C1F38811A1FB0001002340
:102FE000FDF772FA2168C1F30141491C4900B0FBA9
:102FF000F1F010BD083802400024F40040787D0153
:103000002DE9F84F04006ED02078DFF84C93C0070C
:10301000A9F104054AD009F104000168C1F3810156
:10302000012908D00068C0F3810002280AD1D9F82C
:103030000000400206D52868800337D56068002864
:10304000E1D033E06068B0F5803F10D0B0F5A02F3C
:10305000286810D020F480302860286820F4802070
:1030600028606068A8B1FFF755FC06460DE02868A7
:1030700040F48030F4E740F480202860F7E700BF98
:10308000FFF748FC801B642873D828688003F7D5B5
:103090000CE0FFF73FFC064605E000BFFFF73AFCF7
:1030A000801B6428F0D828688003F7D42078DFF8E4
:1030B000AC8280074FF0000A3ED5A748001D01688A
:1030C00011F00C0F08D00068C0F3810002280BD16A
:1030D000D9F80000400207D42868800716D5E068B8
:1030E000012800D112E033E1E068B8B10120C8F84E
:1030F0000000FFF70FFC064605E000BFFFF70AFCE3
:10310000801B0228C0D828688007F7D52868216965
:1031100020F0F80040EAC10028600DE0C8F800A0E7
:10312000FFF7F8FB064604E0FFF7F4FB801B0228DC
:103130001FD828688007F7D42078000722D5864F4B
:1031400087486169703771B101210160FFF7E2FBC7
:10315000064604E0FFF7DEFB801B022809D838682A
:103160008007F7D50EE0C0F800A0FFF7D3FB0646B6
:1031700005E082E0FFF7CEFB801B02287DD838688F
:103180008007F7D42078400768D5DFF8CCB1002756
:103190000BF13C0BDBF80000C0000BD4DBF8001097
:1031A00041F08051CBF80010DBF80000012700F05F
:1031B000805000906B4E3068C00510D4306840F4E9
:1031C00080703060FFF7A6FB009005E0FFF7A2FBE0
:1031D0000099401A022850D83068C005F6D55E4ED6
:1031E000A0686C3601280FD00528306810D020F078
:1031F00001003060306820F004003060A068B8B191
:10320000FFF788FB00900FE0306840F00100F4E722
:1032100040F004003060F7E7FFF77CFB0099411AAB
:1032200041F28830814266D830688007F4D50EE0DC
:10323000FFF770FB009007E0FFF76CFB0099411A65
:1032400041F28830814256D830688007F4D42FB1DB
:10325000DBF8001021F08051CBF80010A069C8B352
:103260003D49091D0968C1F3810102294AD002289C
:10327000504607D0C8F8600000E03CE0FFF74AFB8A
:1032800004463BE04746C8F86000FFF743FB0646AC
:1032900005E000BFFFF73EFB801B02282BD8286803
:1032A0008001F7D4D4E907010843A16A2E4A4908EE
:1032B00002EB0141626A41EA8211084394F82C1042
:1032C00040EA0161C9F8001001203866FFF722FBCF
:1032D000044606E03EE000BFFFF71CFB001B02288F
:1032E00009D828688001F7D534E000BFFFF712FB4A
:1032F000001B022802D90320BDE8F88F286880014E
:10330000F4D427E00128F7D0D9F80000E26900F4EE
:10331000800191421CD1226A00F03F01914217D1F5
:1033200047F6C071626A0140B1EB821F10D1A26AF8
:103330004FF0FF3300F4403103EB5202B1EB024F88
:1033400006D194F82C1000F07060B0EB016F01D042
:103350000120D1E70020CFE70438024000004742B7
:10336000800E4742007000400000FFFF70B504006F
:1033700009D0606A002540B125616561A56294F8B5
:10338000510040B10CE0012070BD6068B0F5827F53
:10339000F4D0E561F2E784F85050204600F044F89C
:1033A000022084F851002068016821F0400101608A
:1033B000A088218900F4827001F404410843A189A6
:1033C00001F400610843217C01F002010843217DE2
:1033D00001F001010843218B01F400710843217FB2
:1033E00001F03801084394F8201001F080010843EF
:1033F000218D01F40051084321680860A06904216F
:1034000001EA104094F8241001F0100108432168EB
:1034100048602068C16921F40061C16165650120CF
:1034200084F85100002070BD10B586B00446142108
:103430006846FDF727F914492068884221D11348CE
:103440000021026842F400420260006800F400407B
:1034500005900E481038026842F0040202600068CD
:1034600000F0040005904FF4E05000900220CDE9F8
:103470000101032003900620049069460448FFF7E9
:1034800047F906B010BD0000003C00404038024043
:10349000000802402DE9FF4F81B01D4693460446C7
:1034A0004FF001090E9EFFF735FA074694F85100D8
:1034B0006168012806D0B1F5827F3CD1A168C9BB03
:1034C000042838D10298002871D0BBF1000FFBD03E
:1034D000002DF9D094F8500001282CD04FF0010AAB
:1034E00084F850A094F85100042802D0052084F8F4
:1034F00051004FF00008C4F85480C4F838B0E58794
:10350000A58702992163E586A586C4F84080C4F8A2
:10351000448020680168490603D4016841F04001F5
:103520000160E068B0F5006F606808D0F0B3012D6D
:1035300049D081E0FFE7022005B0BDE8F08F08B177
:10354000012D39D1206B21680088C860206B801C58
:103550002063E08E401EE0862EE0206881688907A7
:103560000FD5E18E69B1B9F1010F0AD1216B09883C
:10357000C160206B801C2063E08E401EE0864FF00F
:10358000000920688168C9070CD0E18F51B1C0687B
:10359000A16B0880A06B801CA063E08F401EE087B9
:1035A0004FF00109FFF7B6F9C01B01E00BE067E03F
:1035B000B04201D3701C50D1E08E0028CDD1E08FF5
:1035C0000028CAD13EE0206B216800780873206B88
:1035D000401C2063E08E401EE0862DE0206881685C
:1035E00089070FD5E18E69B1B9F1010F0AD1216BBD
:1035F00009780173206B401C2063E08E401EE0863A
:103600004FF0000920688168C9070CD0E18F51B1E3
:10361000C068A16B0870A06B401CA063E08F401EC7
:10362000E0874FF00109FFF775F9C01BB04202D3E4
:10363000701C01D011E086B1E08E0028CED1E08F61
:103640000028CBD13A463146204602F0C3F850B1AB
:103650002020606584F8508012E084F851A084F83E
:103660005080032068E7A06818B92068C1688068A6
:10367000009084F851A084F85080606D0028F1D04B
:10368000012059E77047704710B590F83C20012A97
:1036900022D0012280F83C20CA688C6822F4407253
:1036A00022434C6822F4806222430C6822F40062B8
:1036B00022430C6922F4805222434C6922F40052C6
:1036C0002243C969002322F480420A4301684A6404
:1036D00080F83C30002010BD022010BD70B590F87D
:1036E0003C20012A32D0012480F83C40022280F89C
:1036F0003D2003685A689D6822F070060A683243CC
:103700005A60134B02689A4214D0B2F1804F11D024
:10371000104B9A420ED0104B9A420BD00F4B9A424C
:1037200008D00F4B9A4205D00E4B9A4202D00E4B56
:103730009A4204D1496825F080031943916080F8CA
:103740003D40002180F83C10084670BD022070BD4D
:10375000000001400004004000080040000C004050
:1037600000040140004001400018004010B5040072
:1037700003D094F83D0010B107E0012010BD0020F7
:1037800084F83C00204600F01FF8022084F83D0039
:10379000211D206802F044F9012084F8460084F8D5
:1037A0003E0084F83F0084F8400084F8410084F82B
:1037B000420084F8430084F8440084F8450084F80B
:1037C0003D00002010BD000008B5026822482349D2
:1037D000824207D1086840F010000860086800F0D5
:1037E000100009E01E48824208D1086840F020001D
:1037F0000860086800F02000009008BD1748194BC9
:10380000001D9A4207D1016841F4803101600068CF
:1038100000F48030F0E7144B9A4207D1016841F47C
:1038200000310160006800F40030E5E70F4B9A4278
:1038300007D1016841F480210160006800F4802014
:10384000DAE70B488242D8D1086840F040000860AF
:10385000086800F04000CFE7001000404038024008
:103860000014004000400140004401400048014075
:103870000018004090F83D10012901D00120704748
:10388000022180F83D100168CA6842F00102CA6056
:1038900000681149884214D0B0F1804F11D00F490F
:1038A00088420ED00E4988420BD00E49884208D07B
:1038B0000D49884205D00D49884202D00C49884202
:1038C00004D1816801F00701062903D0016841F0A5
:1038D0000101016000207047000001400004004029
:1038E00000080040000C004000040140004001407E
:1038F0000018004070B5044690F83C0000250128EF
:1039000017D0012684F83C60022084F83D0020682E
:10391000826822F0770222F47F4282600868502891
:1039200038D00DDC20284FD005DC90B3102811D101
:103930004AE0022070BD302846D040280AD13BE042
:1039400060282FD070280DD0B0F5805F03D0B0F57F
:10395000005F12D0012584F83D60002084F83C000F
:10396000284670BDCB68D1E90121206802F0CDF86E
:103970002068816841F0770109E0CB68D1E9012135
:10398000206802F0C2F82068816841F480418160BB
:10399000E1E719E0CA684968206802F08BF9502114
:1039A000206806E0CA684968206802F094F960213E
:1039B000206802F0B4F8CEE7CA684968206802F0CF
:1039C00079F940212068F4E7226801461046F0E7C3
:1039D0002DE9F0410D46040003D094F83D0018B1E4
:1039E00008E00120BDE8F081002084F83C0020467A
:1039F00000F040F8022084F83D002068816844F21D
:103A0000070291438160211D206802F009F82268B5
:103A100090689169166A2B68AF69034340F20330DE
:103A2000814341EA0721A868EF6908434FF6FC414A
:103A30008843E96840EA0720014328692F6A0001AA
:103A400040EA0730084369686D6926F0AA0646EA2D
:103A50000515294393602268906154F8460B016272
:103A6000012004F81F09E0752076E0762077A07524
:103A70000020B7E7F0B587B0044614216846FCF78C
:103A800001FE484923680024464810390225464A69
:103A9000464EB3F1804F1FD0DFF814C1C0276345F5
:103AA00047D1036843F002030360006800F002009E
:103AB0000590086840F00100086008680097CDE9AB
:103AC000015400F00100CDE904506946039410460A
:103AD000FEF71EFE07B0F0BD036843F0010303606C
:103AE000006800F001000590086840F001000860DF
:103AF000086800F001000590086840F002000860C6
:103B00000868012700F0020005904FF40040009083
:103B1000CDE90154CDE9034769461046FEF7F8FDAB
:103B200008200090CDE90154CDE9034769463046AD
:103B3000CEE7DFF880C0634517D1026842F0040287
:103B40000260006800F004000590086840F0020080
:103B5000086008680097CDE9015400F00200CDE943
:103B60000450694603943046B2E7134EB342B1D1D4
:103B7000036843F008030360006800F00800059044
:103B8000086840F0010008600868694600F001001C
:103B9000059003200090CDE901541046CDE903457E
:103BA00096E7000040380240000002400004024056
:103BB0000004004000080040000C004070B590F880
:103BC0003E60044690F83F5090F8423090F8432011
:103BD000022021B104290ED0012E1BD114E0012EA8
:103BE00018D1012B16D184F83E0084F8420001223E
:103BF0000021206820E0012D0CD1012A0AD184F88F
:103C00003F0084F8430014E0012D03D1012B01D1C2
:103C1000012A01D0012070BD84F83E0084F83F00E5
:103C200084F8420084F8430001220021206801F05A
:103C30005FFF01220421206801F05AFF206801681B
:103C400041F001010160002070BD70472DE9F04195
:103C500004460068C66805694FF00007A90713D538
:103C6000B10711D5F91E0161012020772068806914
:103C70008007204602D0FFF7E8FF04E000F0E8F8F4
:103C8000204600F0B9F92777680716D5700714D5D4
:103C900021686FF0040008610220207720688069A5
:103CA00010F4407F204602D0FFF7CFFF04E000F081
:103CB000CFF8204600F0A0F92777280715D5300760
:103CC00013D521686FF00800086104202077206870
:103CD000C0698007204602D0FFF7B7FF04E000F07C
:103CE000B7F8204600F088F92777E80616D5F006E1
:103CF00014D521686FF01000086108202077206833
:103D0000C06910F4407F204602D0FFF79EFF04E018
:103D100000F09EF8204600F06FF92777E80708D0FA
:103D2000F00706D021686FF001000861204600F01E
:103D300007FA280608D5300606D521686FF08000FE
:103D400008612046FFF79EFC680608D5700606D578
:103D500021686FF040000861204600F037FAA8069D
:103D60000AD5B00608D521686FF02000086120460A
:103D7000BDE8F041FFF787BCBDE8F08170B586B0C3
:103D8000044614216846FCF77DFC2468284800227C
:103D900028490223844212D1086840F010000860CC
:103DA0000868694600F0100005904FF4D440009078
:103DB000CDE901320120CDE903201F4812E01F4860
:103DC0000325844212D1086840F0010008600868A9
:103DD000694600F0010005900C200090CDE9013209
:103DE000174821E0FEF794FC06B070BD154E16484A
:103DF000B44209D10C6844F002040C60096801F077
:103E00000201059181150BE0104EB442ECD10C6813
:103E100044F002040C60096801F00201059171157B
:103E20000091CDE901326946CDE90325DAE70000CA
:103E300000000140303802400010024000400140C4
:103E400000000240004401400004024000480140DC
:103E5000704770B50D46040003D094F83D0010B1D2
:103E600007E0012070BD002084F83C00204600F0EF
:103E70001BF8022084F83D00211D206801F0D0FDD0
:103E80002068016821F00801016054F8460B0168C0
:103E900029430160012004F81F09E0752076E076CF
:103EA0002077A075002070BD704770B5044690F86B
:103EB0003C0000260D4601280FD0012084F83C006C
:103EC0006AB1042A1DD0082A2FD00C2A3FD001261F
:103ED000002084F83C00304670BD022070BD206890
:103EE00001F026FE2068816941F0080181612068A7
:103EF000816921F004018161206881692A69114387
:103F000011E0206801F044FE2068816941F40061FD
:103F100081612068816921F4806181612068816903
:103F20002A6941EA02218161D2E7206801F066FE38
:103F30002068C16941F00801C1612068C16921F0B0
:103F40000401C1612068C1692A69114311E0206838
:103F500001F088FE2068C16941F40061C1612068F8
:103F6000C16921F48061C1612068C1692A6941EA9F
:103F70000221C161ACE710B5040003D094F83D0004
:103F800010B107E0012010BD002084F83C0020465D
:103F900000F01EF8022084F83D00211D206801F089
:103FA0003FFD012084F8460084F83E0084F83F007D
:103FB00084F8400084F8410084F8420084F843000B
:103FC00084F8440084F8450084F83D00002010BDCA
:103FD00008B500680649884208D10648016841F0E2
:103FE00001010160006800F00100009008BD0000C0
:103FF00000000140443802407047000010B50446FC
:10400000022249B104290ED0082913D094F84100A6
:10401000012816D0012010BD94F83E000128F9D1E6
:1040200084F83E200FE094F83F000128F2D184F894
:104030003F2008E094F840000128EBD184F84020AC
:1040400001E084F841200122206801F051FD164969
:104050002068164A884201D0904203D1436C43F451
:10406000004343642068884213D0B0F1804F10D0E1
:104070000F4988420DD00F4988420AD00E49884224
:1040800007D0904205D00D49884202D00C498842A1
:1040900004D1816801F00701062903D0016841F0CD
:1040A00001010160002010BD00000140000401403A
:1040B0000004004000080040000C004000400140A7
:1040C0000018004030B504460D460068002201F09B
:1040D0000FFD194B41F2111120688A10984202D04D
:1040E000164B984209D1036A0B4206D1036A134268
:1040F00003D1436C23F4004343642068036A0B42FA
:1041000006D1016A114203D1016821F00101016069
:1041100001203DB1042D08D0082D09D084F84100BC
:10412000002030BD84F83E00FAE784F83F00F7E74E
:1041300084F84000F4E70000000001400004014062
:1041400070B5044600681A49884201D1FEF782FD25
:1041500018492068884229D101211748FEF7D0FB71
:104160001649002501281ED0012081F88C01144C2D
:104170002068401C206002280FD31248211D0068CF
:1041800005F038FA606838B10F494FF08050086088
:10419000BFF34F8FBFF36F8F256003F087FCBDE83F
:1041A000704004F013BF81F88C51E0E770BD00004F
:1041B000002000400018004000080240F0070020E6
:1041C00094000020A000002004ED00E0704770B5CE
:1041D000040004D094F84100002510B106E001204D
:1041E00070BD84F84050204600F024F8242084F864
:1041F00041002068C16821F40051C160204601F0EF
:104200007DFD2068016921F49041016120684169C8
:1042100021F02A0141612068C16841F40051C16068
:104220006564202084F8410084F842006563002022
:1042300070BD000010B586B0044614216846FCF736
:1042400021FA14492068884221D1134800210268CC
:1042500042F010020260006800F0100005900E4865
:104260001438026842F001020260006800F00100A8
:1042700005904FF4C06000900220CDE901010320B9
:1042800003900720049069460448FEF741FA06B0FF
:1042900010BD000000100140443802400000024000
:1042A000FEE701684A69D24352050FD46FF4806279
:1042B0004A61002140F8301F202242738173026955
:1042C00042F0040202610173012070470020704730
:1042D000F8B50446C06A1E460D461746082807D0A2
:1042E000012805D010F5803F02D0206B122804D1A0
:1042F0002068016841F480710160134600224FF08C
:1043000001112046009600F05DF840B12068006879
:10431000C00502D54FF4007020640320F8BD206969
:10432000B0F5804F0ED00620216800EAD51040F08D
:10433000F000086133463A460B49204600F08AF8FF
:1043400078B902E005F0FE0000E0E8B221680861FB
:10435000054933463A46891F204600F07BF800287D
:10436000DCD00120F8BD00000800010070B5164641
:104370000D4604461EE02046FFF793FF08B10120DA
:1043800070BD681C16D0FEF7C5FA801BA84200D885
:1043900085B920684069C04340070BD5002044F828
:1043A000300F20216173A073216941F02001216148
:1043B0002073E4E720684069C0434007DBD4002055
:1043C00070BD00002DE9F047984617460D4604469B
:1043D000C1F30746DDF820902AE000BFB8F1FF3FA7
:1043E00026D0FEF797FAA0EB0901414502D8B8F1B3
:1043F000000F1DD12068012E16D0806925EA00002B
:104400000004000C12D00020B84211D1002044F862
:10441000300F20216173A073216941F020012161D7
:1044200020730120BDE8F0874069E7E70120EBE752
:104430002068012E0AD0806925EA00000004000CE3
:1044400006D00020B842C9D00020EBE74069F3E76E
:104450000120F7E72DE9F047984616460D46044639
:104460004FF000094FF0200AC1F3074723E020680E
:104470004069C043400515D42068016841F40071CB
:10448000016021686FF480604861C4F8309084F85E
:104490003DA084F83E90216C41F00401216484F831
:1044A0003C9021E0701C06D0FEF734FAA0EB080027
:1044B000B04203D816B1012F1FD021E02068012F90
:1044C00015D0806925EA00000004000C18D000BF58
:1044D00044F8309F84F80DA084F80E90216941F0D3
:1044E0002001216184F80C900120BDE8F08740692B
:1044F00025EA00000004000CEAD12068406901E0D0
:104500002068806925EA00000004000CAFD1ECE7C8
:1045100070B516460D4604461EE02046FFF7C1FE64
:1045200008B1012070BD681C16D0FEF7F3F9801B9E
:10453000A84200D885B920684069C04300060BD561
:10454000002044F8300F20216173A073216941F0ED
:10455000200121612073E4E720684069C043000620
:10456000DBD4002070BD000070B500F0700400F0D6
:1045700087F80B4D0646002202212846FEF7C5F9B2
:10458000272003F06FFD44EA060003F06BFD0122D3
:1045900002212846FEF7B9F9BDE8704000F070B876
:1045A000000C024010B5084C002202212046FEF704
:1045B000ACF9E22003F056FD20460122BDE8104090
:1045C0000221FEF7A2B90000000C024010B5084C11
:1045D000002202212046FEF798F9E12003F042FD77
:1045E00020460122BDE810400221FEF78EB90000EE
:1045F000000C02402DE9F041064600F055F8054652
:10460000202804D9FFF7CEFF2120BDE8F08155B165
:104610000E4F002202213846FEF777F9612003F0A1
:1046200021FD002407E00020EFE7FF2003F01AFD42
:104630003055641CE4B2AC42F7D301220221384663
:10464000FEF763F9FFF7AEFF2846DEE7000C0240F5
:1046500070B50A4D0446002202212846FEF755F99E
:10466000204603F0FFFCFF2003F0FCFC044601227F
:1046700002212846FEF749F9204670BD000C024091
:1046800070B5084D002202212846FEF73EF90720AA
:1046900003F0E8FC0446012202212846FEF735F922
:1046A000204670BD000C024070B50A4D0022022168
:1046B0002846FEF72AF9602003F0D4FCFF2003F01F
:1046C000D1FC0446012202212846FEF71EF92046AD
:1046D00070BD0000000C0240052A00D90522052803
:1046E00000D905200A30C0B200F01CB810B504464D
:1046F0000020FFF7ADFF014614B1012C03D004E008
:1047000020F0010101E040F00101BDE8104000206F
:1047100000F02AB8052900D905210A4601461020D3
:10472000AFF300802DE9F0410E4F15460E460446CA
:10473000002202213846FEF7E8F844F0200003F09A
:1047400091FC002404E0305D03F08CFC641CE4B2B6
:10475000AC42F8D33846BDE8F04101220221FEF711
:10476000D4B80000000C024070B50B4D0E46044654
:10477000002202212846FEF7C8F844F0200003F08A
:1047800071FC304603F06EFC2846BDE87040012203
:104790000221FEF7BAB80000000C024070B50C46CA
:1047A0000546202918D8002C16D00C4E00220221D4
:1047B0003046FEF7AAF8B02002E000BF15F8010B62
:1047C00003F050FC641EE4B2F8D23046BDE87040FD
:1047D00001220221FEF799B870BD0000000C0240D2
:1047E0001FB51748FDF776FF00211548009101918C
:1047F0000291144A039102604FF48032C0E9012112
:104800000161017680F820100F4AC0E90A210124D5
:10481000C461C16080F830104161FDF72CFE08B121
:10482000FDF77EFD0820CDE90004022002906946D4
:104830000348FDF777FD002801D0FDF771FD1FBD8E
:104840006C2B0020002001400100000F10B5A4B027
:104850001C221C496846FBF7C1FE0021684603F094
:104860003DFC194C17491C2260601C3107A8FBF75E
:10487000B5FE002107A803F031FC1249A0601C22FC
:1048800038310EA8FBF7AAFE00210EA803F026FC83
:104890000C49E0601C22543115A8FBF79FFE002153
:1048A00015A803F01BFC074920611C2270311CA8CD
:1048B000FBF794FE00211CA803F010FC606124B0FB
:1048C00010BD0000A8B20008A00000202DE9F04FA4
:1048D00087B014216846FBF7D5FE504800240168D4
:1048E00041F010010160016801F0100105910168BB
:1048F00041F004010160016801F0040105910168C3
:1049000041F080010160016801F0800105910168BA
:1049100041F001010160016801F0010105910168A8
:1049200041F002010160016801F002010591016896
:1049300041F0080101600068DFF8E4A000F0080021
:1049400040F2FF550590002229465046FDF7DDFF55
:10495000DFF8D0B04FF4C977002239465846FDF74A
:10496000D4FF4FF49078002241462F48FDF7CDFF49
:1049700040F20649002249462C48FDF7C6FF0022B6
:1049800020212B48FDF7C1FF009502260125039643
:10499000CDE9015469465046FDF7BAFE4FF4624036
:1049A000CDE90004694658460294FDF7B1FE4FF484
:1049B00044100095CDE9010469465846FDF7A8FE6C
:1049C00000970396CDE9015469465846FDF7A0FECD
:1049D000CDF800800396CDE9015469461248FDF7F1
:1049E00097FECDF800900396CDE9015469460F4833
:1049F000FDF78EFECDE9005469460C480294FDF7A0
:104A000087FE2020CDE90005CDE902466946084829
:104A1000FDF77EFE07B0BDE8F08F000030380240A1
:104A2000001002400008024000000240000C02405A
:104A3000000402400D4810B50B4901600C4941606B
:104A400000214FF480428160C0E90312416181611D
:104A5000C1610162FDF764FF002803D0BDE810408A
:104A6000FDF75EBC10BD000000580040B42B0020D4
:104A7000801A0600104810B50E4901604FF482718B
:104A8000416000218160C1604FF400720161C0E9A2
:104A900005121022C0E90721416281620A21C16228
:104AA000FEF764FC002803D0BDE81040FDF738BCD9
:104AB00010BD0000003C0040082C002030B587B03D
:104AC0001C216846FBF7DEFD1D4C1C480025C4E98F
:104AD000000541F24410C4E9025025612046A56159
:104AE000FEF744FE08B1FDF71BFC1548FFF743FA3B
:104AF00008B1FDF715FC602000904FF45D70CDE922
:104B00000105002269460E480495FFF7CEF908B169
:104B1000FDF706FC2068016A41F21112114207D12B
:104B2000016A9210114203D1016821F00101016074
:104B30000348FFF723F907B030BD000000440140EF
:104B4000A02E002030B587B01C216846FBF79AFDE7
:104B50001B4D1A480024C5E9000441F63F20C5E971
:104B600002402C612846AC61FEF700FE08B1FDF75B
:104B7000D7FB1348FFF7FFF908B1FDF7D1FB602021
:104B8000CDE90004022002900022694604940C48FA
:104B9000FFF78BF908B1FDF7C3FB2868816921F0A5
:104BA000080181610648FEF765FE00210448FFF711
:104BB00025FA0348FFF7E2F807B030BD004801408E
:104BC000E82E00201FB500211148009101910291AB
:104BD0000E4A039102605322C0E901214FF47A7218
:104BE000C0E9032180218161FEF7C0FD08B1FDF716
:104BF00097FB4FF48050009069460548FEF77AFE17
:104C0000002801D0FDF78CFB1FBD000000180040FC
:104C1000302F002010B592B000240F941C2168465C
:104C20001094FBF72FFD202107A8FBF72BFD2D4843
:104C30002B49C0E9001441F63F21C0E9024180211F
:104C40000461C0E90541FFF796F908B1FDF768FB7B
:104C50000F940FA923481094FEF740FD08B1FDF70B
:104C60005FFB6020CDE900040220CDE9020404943A
:104C70000594002269461B480694FFF716F908B10F
:104C8000FDF74EFB042269461648FFF70EF908B1FE
:104C9000FDF746FB082269461248FFF706F908B1FE
:104CA000FDF73EFB0C2269460E48FFF7FEF808B1FF
:104CB000FDF736FB0794089409944FF400500A94CA
:104CC000CDE90B4007A907480E94FEF7DDFC08B1BB
:104CD000FDF726FB0348FFF751F812B010BD0000A6
:104CE00000000140602C002010B58CB024216846E3
:104CF000FBF7C8FC00241A4809944FF080410A943D
:104D0000C0E900144FF6FF71C0E90241802104613F
:104D1000816103200090022001900120CDE902046E
:104D20000494CDE90540079469460D480894FEF7C0
:104D30004FFE08B1FDF7F4FA099409A908480A944E
:104D4000FEF7CCFC08B1FDF7EBFA00210448FEF7B2
:104D500035FF04210248FEF731FF0CB010BD000002
:104D6000A82C002010B58CB024216846FBF78AFCE3
:104D700000241A48099418490A94C0E900144FF60F
:104D8000FF71C0E90241802104618161032000902C
:104D9000022001900120CDE902040494CDE90540F0
:104DA000079469460D480894FEF712FE08B1FDF716
:104DB000B7FA099409A909480A94FEF78FFC08B1CB
:104DC000FDF7AEFA00210548FEF7F8FE042103487E
:104DD000FEF7F4FE0CB010BD00040040F02C0020E3
:104DE00010B58CB024216846FBF74CFC00241A480F
:104DF000099418490A94C0E900144FF6FF71C0E9FC
:104E00000241802104618161032000900220019011
:104E10000120CDE902040494CDE9054007946946D8
:104E20000D480894FEF7D4FD08B1FDF779FA09940E
:104E300009A909480A94FEF751FC08B1FDF770FA78
:104E400000210548FEF7BAFE04210348FEF7B6FE2E
:104E50000CB010BD00080040382D002010B58CB0FB
:104E600024216846FBF70EFC00241A4809941849CF
:104E70000A94C0E900144FF6FF71C0E90241802195
:104E80000461816103200090022001900120CDE99E
:104E900002040494CDE90540079469460D4808943E
:104EA000FEF796FD08B1FDF73BFA099409A90948F8
:104EB0000A94FEF713FC08B1FDF732FA0021054809
:104EC000FEF77CFE04210348FEF778FE0CB010BD0F
:104ED000000C0040802D00207CB500241348009475
:104EE000114D0194C0E900544FF6FF71C0E9024131
:104EF0008461FEF73BFC08B1FDF712FA08210B486C
:104F0000FEF7A7FF08B1FDF70BFA009469460748C2
:104F10000194FEF7E3FB08B1FDF702FA0120686196
:104F20006C622C617CBD000000100040C82D002088
:104F30001CB5002417480094154901940160142100
:104F4000C0E901144FF6FF718461C160FEF70EFCE9
:104F500008B1FDF7E5F908210E48FEF77AFF08B120
:104F6000FDF7DEF9009469460A480194FEF7B6FBA6
:104F700008B1FDF7D5F906480C300460044901205A
:104F800014310860024824300460081F04601CBD0E
:104F900000140040102E002030B58BB00024079480
:104FA000089409941C2168460A94FBF76BFB2D4D6D
:104FB0002B48286040F61F50C5E9010440F27B20D1
:104FC000C5E903042846AC61FEF7D0FB08B1FDF744
:104FD000A7F94FF48050079007A92248FEF78AFCF2
:104FE00008B1FDF79DF91F48FEF7C5FF08B1FDF7B1
:104FF00097F908211B48FEF72CFF08B1FDF790F93F
:105000007020009001200190022002900022694649
:1050100004941448FEF749FF08B1FDF781F92868A8
:10502000816921F008018161042269460D480294DA
:10503000FEF73BFF08B1FDF773F92868816921F499
:105040000061816100210748FFF73CF80421054811
:10505000FFF738F80348FEF791FE0BB030BD0000B3
:1050600000400140582E00200C4810B50A4901604C
:105070004FF4E1314160002181600C22C160C0E940
:1050800004128161C161FFF7A2F8002803D0BDE8D6
:105090001040FDF745B910BD00100140782F0020E9
:1050A000FEE7C0EB001080004FF4FA6190FBF1F0D6
:1050B0007047FEE710B50021074C0A46002004EBBC
:1050C000C1131A54401CC0B28028FAD3491CC9B27B
:1050D0000829F3D310BD0000F0030020F0B57F28AD
:1050E0002AD83F2928D88418802C02D9C0F1800200
:1050F000D2B2CC18402C02D9C1F14003DBB2012658
:10510000DFF838E087180B4414E001F0070206FAD4
:1051100002F5CA0804460EEBC21207E012F804C0FA
:105120002CEA050C02F804C0641CE4B2A742F5D8CE
:10513000491CC9B28B42E8D8F0BD0000F003002042
:1051400038B500F000F9244800902B238022042178
:10515000002000F091F933237F221946002000F04F
:105160005DF806231DA23721002000F000FA1D4C37
:1051700006250095A27901233721182000F0D4F9E3
:10518000062319A23721272000F0F1F900952268A3
:10519000022337213920521E00F0C6F9207940B190
:1051A000022813D0032807D007282B4611D00FA2BE
:1051B00004E006230FA201E0062310A237214E20AF
:1051C00000F0D5F9BDE8384000F0E8B906230EA29A
:1051D000F4E710A2F2E70000A6AF00084672712EB5
:1051E00000000000F00700204E6F2E00496E76612F
:1051F0006C6964004E6F726D616C000053656C6683
:1052000054657374000000005465737444726962DD
:105210000000000043726179000000002DE9F04FAA
:105220001E464FF0000904460D461746C846B142D7
:105230000ED1BC4208DD2746144605E02946E0B2FF
:1052400000F05EF8641C24B2BC42F7DDBDE8F08FCC
:10525000BC420DD1B54208DD1D460E4605E0E9B25F
:10526000204600F04DF86D1C2DB2B542F7DDEDE79C
:1052700003DD274614461D460E46B54203DD6D424A
:1052800076424FF00109701B391B884207DD20462A
:105290002C4605463846374606464FF00108701B37
:1052A000391B421A4FEA400B4FEA420AC1EB400653
:1052B0001AE06042C1B203E06842C1B203E0E1B269
:1052C000E8B201E0E9B2E0B200F01AF8BC42BDDA9F
:1052D000641C24B2002E02DA06EB0B0003E06D1C06
:1052E0002DB206EB0A0006B2B9F1000F03D0B8F1F7
:1052F000000FE1D0DDE7B8F1000FE3D0DFE70000F9
:1053000010B57F280CD83F290AD8064ACB0802EBF3
:10531000C31301F007041A5C0121A1400A431A5487
:1053200010BD0000F003002070B500244FF47A7621
:105330000025012004F066F86D1C642DF9D3641C6F
:10534000B442F5D370BD10B5FFF7EEFFAE2000F00C
:1053500039F9D52000F036F9802000F033F9A82083
:1053600000F030F93F2000F02DF9D32000F02AF9A9
:10537000002000F027F9402000F024F9A02000F0E0
:1053800021F9C02000F01EF9DA2000F01BF91220EC
:1053900000F018F9812000F015F9CF2000F012F983
:1053A000D92000F00FF9F12000F00CF9DB2000F01B
:1053B00009F9302000F006F9A42000F003F9A62036
:1053C00000F000F98D2000F0FDF8142000F0FAF84C
:1053D000AF2000F0F7F8FFF76DFEBDE8104000F0D9
:1053E000DDB80246012000E05043491EFCD2704760
:1053F0000FB470B588B014460D46064610AA68462C
:105400000F99FBF7D9F823466A462946304600F043
:10541000AEF808B070BC5DF814FB10B50C4640F057
:10542000B00000F0CFF8102040EA141000F0CAF8E5
:1054300004F00F00BDE8104000F0C4B808B5082B18
:105440000DD0062B0AD10A4B02EB420203EB4202BB
:10545000C03A00920823062200F00EF808BD054B62
:1054600003EB0212A2F50072102300920822F3E768
:105470006CAD00087CA700082DE9FC4F1F461546BF
:105480000C4606467F284BD83F2C49D8FFF726FE0E
:10549000791ECA17002001EB52710122DFF884B097
:1054A00004F0070902EBE10238E0002332E0F118D2
:1054B0007F2931D800EBD40ABAF1070F30D80BEBB3
:1054C000CA1E1EF8017010FB05FCCDF804C0DDF803
:1054D0002C809844CDF800801CF808C00CFA09FC18
:1054E00047EA0C070EF801700AF10107072F0FD8E1
:1054F0000EEB0108DDE900C198F8807011F80CC0CE
:10550000C9F108012CFA01FC47EA0C0788F8807001
:105510005B1CDBB2AB42CAD3401CC0B28242C4DCCB
:10552000BDE8FC8FF00300202DE9F04700241D4664
:1055300090468A4681460A27089E14E0291B0A20C5
:10554000491EFFF74EFFB8FBF0F0B0FBF7F107FB89
:10555000110204FB0690C0B2334651463032FFF7C9
:105560006DFF641CE4B2AC42E8D3BDE8F0872DE9DE
:10557000F0411E46154688460746002408E014FB05
:105580000670C0B233464146FFF758FF641CE4B2D0
:105590002A5D002AF3D1BDE8F081000070B5084D06
:1055A000002400212046FFF738FF05EBC4108021BE
:1055B00000F01AF8641CE4B2082CF2D370BD0000AD
:1055C000F00300201CB5002101918DF805004FF477
:1055D000FA700090022301AA78210248FDF764FACC
:1055E0001CBD0000B42B0020F8B506460C46481C34
:1055F000FAF714FF054640202870002004E0315CD3
:105600002A18401C5170C0B2A042F8D34FF4FA706F
:105610000090631C2A4678210348FDF745FA284686
:10562000BDE8F840FAF729BFB42B00202048214DEF
:105630000479641C10E0012202212846FDF765F977
:10564000642002F03FFD002202212846FDF75DF9AB
:10565000642002F037FD641E002CECD14FF47A7503
:10566000284602F02DF8144CC4E90601284602F041
:1056700027F8C4E90801642002F022F8C4E90A010D
:10568000012002F01DF8C4E90E0142F2107002F090
:1056900017F8C4E90C0101F09DFD03F099FB0748E0
:1056A000FEF7E8F801F0D2FD012002F00BFDF9E76A
:1056B000F007002000080240A0000020302F00204A
:1056C0007CB50021332380220846FFF707FD2C4DCF
:1056D000287928B1022838D0032801D007284AD1D8
:1056E00095ED6A0A10EE100A04F0ACFFCDE9000156
:1056F000002124A306220846FFF77AFE95ED690AE9
:1057000010EE100A04F09EFFCDE9000120A306224E
:1057100000214220FFF76CFE00240B26C4EBC400DE
:1057200000EB041005EB8000C06D1CA3CDE9004028
:1057300004EB840006EB4000C1B206220020FFF714
:1057400057FE641C042CE9DB15E01848006810B112
:10575000012807D00FE016A306221C211320FFF713
:1057600047FE08E0164817A30622006800901C2197
:105770000D20FFF73DFEBDE87C40FFF70FBF0000A6
:10578000F00700204241543A252E316656000000B1
:105790004341503A252E3166560000007768656512
:1057A0006C5B25645D3A2564000000005800002011
:1057B000476574206D6520612062616C6C2100007A
:1057C00054000020526F74617465207370656564C5
:1057D0003A256400F8B515460E460B46009204467D
:1057E0000122022100F02CF8A0B9134813490068E7
:1057F000B0FBF1F04FF47A71484300906068B0F567
:10580000827F0DD13346002280212046009500F092
:1058100017F870B1606D40F0200060650320F8BD9E
:10582000009830B1401E009020688068C043000698
:10583000F6D50020F8BD00008400002000366E017F
:105840002DE9F8431E46914688460446089DFDF71B
:1058500061F8401B351AFDF75DF8074626480068D9
:10586000C0F3CB3068430AE0701C09D0FDF752F852
:10587000C01BA8420FD275B10098B8B3401E00906B
:105880002068816838EA010033D000214945EBD116
:105890000020BDE8F8832068416821F0E001416004
:1058A0006068B0F5827F0BD1A068B0F5004F02D0E0
:1058B000B0F5806F04D12068016821F040010160DB
:1058C000A06AB0F5005F09D12068016821F4005199
:1058D00001602068016841F400510160012084F8F2
:1058E0005100002084F850000320D2E7FFE7002594
:1058F000C6E70121CAE700008400002010B502F0CD
:1059000041F902F07DF902F025F902F093F902F075
:10591000D7F807490020401C8842FCDB61B602F042
:10592000A1F9FFF70DFCBDE8104002F0D1B800006E
:1059300080F0FA0210B5502080F31188BFF34F8F2A
:10594000BFF36F8F04F000F818B104494FF0805096
:105950000860002080F3118810BD000004ED00E015
:1059600030B593B030216846FAF78CFE14210CA8AC
:10597000FAF788FE1E480025016841F08051016059
:10598000006800F0805011901A48016841F480418D
:1059900001600068022400F4804011900120009012
:1059A000000401908001CDE90640192008904FF4D1
:1059B000A870CDE9090404200B906846FDF720FB90
:1059C00008B172B6FEE70CA90F2081E831004FF450
:1059D000A0500F904FF48050109005210CA8FDF7B7
:1059E00003FA002801D072B6FEE713B030BD000004
:1059F00040380240007000400248016841F47001E4
:105A00000160704788ED00E00148FEF71FB9000013
:105A1000302F00200148FEF719B90000C02F0020E8
:105A2000F0B50268274B284D284E294F294C4FF0DE
:105A3000804C984209D0604507D0A84205D0B042BA
:105A400003D0B84201D0A04204D122F0700E4A68BF
:105A500042EA0E0298421BD0604519D0A84217D0E6
:105A6000B04215D0B84213D0A04211D01A4DA8426E
:105A70000ED01A4DA8420BD0194DA84208D0194D8E
:105A8000A84205D0184DA84202D0184DA84203D113
:105A900022F44075CA682A434D6922F080022A43E5
:105AA0008D68C5620D688562984201D0A04201D11F
:105AB00009690163016841F004010160012141614C
:105AC0000260F0BD000001400004004000080040FA
:105AD000000C00400004014000400140004401402F
:105AE0000048014000180040001C00400020004019
:105AF00010B501F01F030121046A99408C43046230
:105B0000016A9A401143016210BD10B5846842EAEF
:105B1000032224F47F440A432243826010BD82683A
:105B200022F070020A4342F00701816070470000D2
:105B3000F0B5036A026A22F00102026242688469D7
:105B4000124E24F073050C682C4323F002058B6879
:105B50002B430D4DA84201D0B04205D123F00807D8
:105B6000CB683B4323F00403A84201D0B04205D1E7
:105B70004D6922F4407215438A692A434260846168
:105B8000496841630362F0BD000001400004014028
:105B9000F0B5026A036A23F0100303624368846964
:105BA0000D6824F4E64444EA05248D6822F02002BE
:105BB00042EA05120F4D104EA84201D0B04206D164
:105BC000CF6822F0800242EA071222F04002A84287
:105BD00001D0B04207D14D6923F4406343EA850305
:105BE0008D6943EA85034360846149688163026289
:105BF000F0BD00000000014000040140F0B5026A61
:105C0000036A23F4807303624368C46922F4007258
:105C100024F073050C68124E2C438D6842EA05226D
:105C20000E4DA84201D0B04206D1CF6822F40062E6
:105C300042EA072222F48062A84201D0B04207D192
:105C40004D6923F4405343EA05138D6943EA051374
:105C50004360C4614968C1630262F0BD0000014055
:105C60000004014030B5046A026A22F480520262E4
:105C70004268C3690D6823F4E64343EA05238D684F
:105C800024F4005444EA0534084DA84202D0084DDB
:105C9000A84204D14D6922F4804242EA8512426052
:105CA000C36149680164046230BD00000000014026
:105CB0000004014010B5036A046A24F00104046280
:105CC000846924F0F00444EA021423F00A020A432F
:105CD0008461026210BD10B5036A046A24F01004E6
:105CE0000462846923F0A00324F4704444EA02327D
:105CF00043EA01118261016210BD000070B50446E3
:105D000000680169E26821F4405111430161216991
:105D1000A068E26908436169114308432168CA68C1
:105D200049F20C639A430243CA6020684169A26940
:105D300021F440711143416131492068884202D009
:105D40003049884202D1FDF719F901E0FDF706F963
:105D5000E2690023192164253226B2F5004F6268FA
:105D600028D0A0FB0101930F9200FAF7ADFB01468A
:105D7000B0FBF5F06FF01802504301EB800006EB2A
:105D80000010B0FBF5F000F0F002B1FBF5F002EB13
:105D90000012B1FBF5F06FF01803584301EB8000DF
:105DA00006EB0010B0FBF5F000F00F002168104486
:105DB000886070BDA0FB010192185B41FAF784FB7B
:105DC0000146B0FBF5F00201B1FBF5F06FF01803EE
:105DD000584301EB800006EBC000B0FBF5F000F08B
:105DE000F80002EB4002B1FBF5F0584301EB8000F4
:105DF00006EBC000B0FBF5F000F00700D6E70000AE
:105E0000001001400014014003220021012003F092
:105E10008BFB064C4FF4FA6520602946206803F09E
:105E200037FC0128F9D101F091FBF6E7A000002032
:105E3000FEE703B401984100009850EAC12018BF62
:105E400004204A0D18BF40F0010040F2FF72B2EB8F
:105E5000515F08BF40F00200012808BF052002B0D2
:105E600070470907090E002804DB00F1E02080F8E4
:105E70000014704700F00F0000F1E02080F8141DBE
:105E800070470000000000002DE9F0412DED020BED
:105E90009FED3D0B2DED028B9FED3D8BDDE9025417
:105EA000C4F30A50A0F2FF36142E37DA002E18DAA7
:105EB00053EC102B9DED020B51EC100B03F0F6FE92
:105EC00053EC182B04F092FA57D2002CBCBF4FF0C1
:105ED0000044002551DB54EA050018BF2E4C1BD1AD
:105EE0004BE02E4820FA06F704EA070028431FD0AB
:105EF00053EC102B9DED020B51EC100B03F0D6FE72
:105F000053EC182B04F072FA37D2002C03DD4FF457
:105F10008010F0400444BC4300252EE0332E07DC03
:105F2000A6F114004FF0FF3121FA00F73D4206D1EF
:105F30009DED020BBDEC028B02B0BDE8F08153EC8D
:105F4000102B9DED020B51EC100B04F085FA53EC75
:105F5000182B04F04BFA10D2002C0DDD142E08BFC4
:105F6000641C09D0C6F13400012101FA00F0284474
:105F7000A84238BF641C0546BD43CDE902549DEDDF
:105F8000020BD7E7000000009C7500883CE4377ED8
:105F900000000000000000000000F03FFFFF0F00C5
:105FA00010B52F499FED2C1B2DED020B84B00598E9
:105FB00020F000408842D8BF9DED040B2DDD29491B
:105FC000884209D1049840B94FF00100FAF71DFC4E
:105FD00000F0C2FC06B010BD05DB9DED040B00F027
:105FE000AFFC06B010BD68469DED040B00F0C0F894
:105FF00010F0030004BF9DED021B9DED000B0CD0C3
:1060000001280ED09DED021B9DED000B022817D03C
:10601000012000F0FDFB06B010BD00F0C5FA06B08F
:1060200010BD9DED021B9DED000B012000F0F0FB6B
:1060300051EC100B03F0FCFD06B041EC100B10BD51
:1060400000F0B2FA51EC100B03F0F2FD06B041EC97
:10605000100B10BD00000000000000000000000058
:10606000FB21E93F0000F07F10B52F499FED2C1B6D
:106070002DED020B84B0059820F000408842DCBF73
:1060800000209DED040B32DD2849884209D1049897
:1060900040B94FF00100FAF7B8FB00F05DFC06B024
:1060A00010BD05DB9DED040B00F04AFC06B010BDF1
:1060B00068469DED040B00F05BF810F0030011D072
:1060C000012818D09DED021B9DED000B02281AD06F
:1060D00000F06AFA51EC100B03F0AAFD06B041EC97
:1060E000100B10BD9DED021B9DED000B012000F07B
:1060F0008FFB06B010BD9DED021B9DED000B00F067
:1061000053FA06B010BD012000F082FB51EC100BD9
:1061100003F08EFD06B041EC100B10BD0000000036
:106120000000000000000000FB21E93F0000F07FBC
:1061300010B52DED028BB1EEC08A18EE100A20F0DA
:106140000040C0F1FF40C00F0AD010EE100A20F04E
:106150000040C0F1FF40C00F04BF0120FAF755FB1B
:10616000B0EE480ABDEC028B10BD0000000000003C
:106170002DE9F14F04462DED020B2DED088B8AB071
:106180009FEDE70B80ED020B139EE74826F00045DC
:1061900085420ADC9DED120B002084ED000B0AB055
:1061A000BDEC088B03B0BDE8F08FE0489FEDE0AB9D
:1061B0009FEDE1BBA84247DDE14F9FEDE39B9FEDE3
:1061C000E48B9DED120B53EC1A2B51EC100B002EAF
:1061D0001CDD04F04DF941EC100BBD4208D053EC2E
:1061E0001B2B51EC100B04F043F9C4E900010BE048
:1061F00053EC192B51EC100B04F03AF953EC182B1B
:1062000004F036F9C4E900010120C8E703F04EFDAF
:1062100041EC100BBD4208D053EC1B2B51EC100B82
:1062200003F044FDC4E900010BE053EC192B51ECE1
:10623000100B03F03BFD53EC182B03F037FDC4E9C2
:1062400000014FF0FF30AAE7C348A84279DB9DED7B
:10625000120B51EC100B01F0C7F941EC180B9FED3C
:10626000C00B53EC102B03F0C3FF9FEDBF1B53EC8F
:10627000112B03F01BFD03F025FF074603F051FF30
:1062800041EC190B53EC1A2B03F0B2FF53EC182B13
:1062900004F0E2F841EC180B53EC1B2B51EC190BFA
:1062A00003F0A6FFDFF8C8A241EC100B4FEA155827
:1062B0000125FA4453EC102B51EC180B04F0D8F8DC
:1062C000032DC4E900013DD0C1F30A5005EB45118F
:1062D000A8EB00001139814234DA0AEB051BB0EE5D
:1062E00048AA9BED000BF0EE68AA53EC102B51EC82
:1062F000190B03F07DFF41EC1B0B51EC1A0B53EC17
:106300001B2B04F0B5F841EC180B51EC1A0B53ECB5
:10631000182B04F0ADF853EC1B2B04F0A9F89BEDFF
:10632000020B41EC1A0B53EC102B51EC190B03F040
:106330005FFF53EC1A2B04F09BF841EC100B6D1C23
:10634000B8E70EE0002EA8BF3846BFF628AF94EDA0
:10635000000B51EC100B03F06BFCC4E90001784218
:106360001DE7C6F3130040F4801EC6F30A50A0F2E6
:10637000F530471100F01F05C5F12000DDF848B0E9
:1063800008900020069007900520EC467949002DE2
:1063900007EB0002794408BF51F8221009D051F8E8
:1063A000223001EB8201AB404A68089922FA01F1E0
:1063B0001943A1FB0E26A1FB0B131A449A4234BFCA
:1063C0000123002303EB06080CEB8003D3E901A6AD
:1063D0000E448E4234BF0121002192448A4411B1FF
:1063E000924502D903E0924501D2012100E000214B
:1063F000C3E901A641444CF82010011EA0F10100A0
:10640000C4DC029800F10050850F0298DDE90367B3
:106410008000DDF8148003F084FE41EC1A0B304656
:1064200003F096FE9FED541B53EC112B03F0E0FE9E
:1064300041EC1B0B384603F08BFE9FED511B53ECD8
:10644000112B03F0D5FE41EC180B404603F080FE03
:106450009FED4D1B53EC112B03F0CAFE41EC190BC1
:1064600051EC180B53EC192B03F020FC53EC1B2BB5
:1064700003F01CFC53EC1A2B03F018FCCDE90801C7
:10648000002008909DED080B53EC1A2B51EC100BDB
:1064900003F0EEFF53EC1B2B03F0EAFF53EC182B39
:1064A00003F0E6FF53EC192B03F0D6FF9FED381BEA
:1064B00053EC112B03F09CFE9FED370B41EC180BB6
:1064C00053EC102B9DED080B51EC100B03F090FEDC
:1064D00053EC182B03F0EAFB9FED310B41EC180B4A
:1064E00053EC102B9DED080B51EC100B03F080FECC
:1064F00053EC182B03F0DAFB41EC100B139810F05F
:10650000004F06D06D4251EC100B03F091FB41ECB3
:10651000100B284684ED000B41E60000000000004F
:106520000000000000000000FB21E93F7CD9024090
:1065300000004054FB21F93F3163621A61B4D03D41
:10654000FB21F93F000000000000601A61B4D03D5B
:106550007370032E8A19A33BFB2139410000000010
:1065600083C8C96D305FE43F000000000000E03FD9
:10657000F250000040500000000000000000103EFB
:10658000000000000000103C000000000000103A75
:10659000182D4454FB21F93D3326A611460B113C1E
:1065A00000000054FB21F93D10B52DED040B2DED3D
:1065B000088B82B0B0EE419AF0EE619A0B9820F011
:1065C00000449FED4BABB4F1795F11DA9DED0A0BFE
:1065D00051EC100B03F076FD002801BFB0EE4A0A23
:1065E000F0EE6A0A02B0BDEC088B04BF04B010BD27
:1065F0009DED0A0B53EC102B51EC100B03F0F8FD42
:1066000041EC180B3C480621B0EE480AF0EE680A4F
:10661000784400F081F853EC182B51EC100B03F088
:10662000E7FD9DED0A0B41EC1B0B53EC192B51ECD4
:10663000100B03F0DDFD41EC190B53EC1B2B51EC5F
:10664000180B03F0D5FD53EC192B03F011FF9FED50
:106650002C0B41EC190B53EC102B51EC180B03F0E5
:10666000C7FD41EC100B2848844210DA53EC192B7B
:1066700051EC100B03F0FCFE53EC1A2B03F0ECFE74
:1066800041EC100B02B0BDEC088B04B010BD1F48EC
:10669000A042BCBF9FED1E1B8DED001B06DBA4F5C9
:1066A00000100190002000909DED001B51EC100B9C
:1066B00053EC112B03F0DCFE9DED000B41EC180BAD
:1066C00053EC102B51EC1A0B03F0D2FE41EC1A0BD9
:1066D00053EC192B51EC180B03F0CAFE53EC1A2B98
:1066E00003F0BAFE41EC100BCCE700000000000004
:1066F000000000000000F03F644D000000000000BA
:10670000000000000000E03F3333D33F0000E93FCA
:10671000000000000000D23F70B504462DED028B52
:106720004D1E00EBC500B0EE408AF0EE608A90EDA1
:10673000000B35F0060017D053EC182B51EC100B62
:1067400003F056FD41EC100B6D1E04EBC50090EDFF
:10675000001B51EC100B53EC112B03F0A7FA41EC8A
:10676000100B35F00600E7D1022D36D0042D1CD0D9
:10677000062D1CBFBDEC028B70BD53EC182B51ECE9
:10678000100B03F035FD94ED0A1B53EC112B03F0B5
:106790008DFA53EC182B03F02BFD94ED081B53ECF2
:1067A000112B03F083FA41EC100B53EC182B51EC36
:1067B000100B03F01DFD94ED061B53EC112B03F0A1
:1067C00075FA53EC182B03F013FD94ED040B53EC06
:1067D000102B03F06BFA41EC100B53EC182B51EC1F
:1067E000100B03F005FD94ED021B53EC112B03F08D
:1067F0005DFA53EC182B03F0FBFC94ED001B53ECFB
:10680000112B03F053FABDEC028B41EC100B70BD61
:1068100031B504462DED040B2DED0A8BB0EE41BAD7
:10682000F0EE61BA0B989DED0A0B20F00040B0F13C
:10683000795F0DDA51EC100BFFF7FBFA042808BF63
:1068400000F09AF89DED0A0BBDEC0A8B05B030BD47
:1068500053EC102B51EC100B03F0CAFC41EC180B5D
:106860009DED0A0B53EC182B51EC100B03F0C0FC00
:1068700041EC190B2C48B0EE480AF0EE680A0521ED
:106880007844FFF749FF9FED2ACBB0EE40AAF0EE27
:1068900060AA9CB353EC1C2B51EC190B03F0A8FC21
:1068A00041EC1C0B53EC1A2B51EC190B03F0A0FC20
:1068B0009FED210B41EC190B53EC102B51EC1B0BF2
:1068C00003F096FC53EC192B03F0D2FD53EC182B7C
:1068D00003F08EFC53EC1B2B03F0CAFD53EC1C2B76
:1068E00003F0C6FD9DED0A1B53EC112B03F0B4FD24
:1068F000BDEC0A8B05B041EC100B30BDFFE753EC4B
:106900001A2B51EC180B03F073FC53EC1C2B03F007
:10691000CDF953EC192B03F06BFC9DED0A1B53ECE6
:10692000112B03F0C3F9E3E7EC4B0000000000007B
:10693000495555555555C5BF000000000000E03FC2
:1069400010B553EC102B51EC100B03F0AFF941ECE8
:10695000100B10BD000000009FED050B10B553ECAF
:10696000102B51EC100B03F055FA41EC100B10BD3D
:1069700000000000000000009FED050B10B553EC77
:10698000102B51EC100B03F033FC41EC100B10BD3D
:10699000000000000000001030380A2801D2012059
:1069A000704700207047000001EE100A9FED0C2A8E
:1069B000F8EEC11A81EE821A9FED0A2AC0EE021A81
:1069C0009FED090A01EE801A9FED080A21EE000AE8
:1069D00080EE201ABDEEC10A10EE100A70470000CA
:1069E0000000BB430000CC419A99993F0000D2457A
:1069F00000B502460B4600F097FE801A994101D37C
:106A0000012000BD002000BD10B504210948FDF79C
:106A100059FB08480068016A41F21112114207D17E
:106A2000016A9210114203D1016821F00101016055
:106A300010BD0000582E002010B57F2800D97F20FF
:106A400000EB800003F084FB9FED0F1B53EC112B38
:106A500003F02CF903F036FBA0F27B20404200D17A
:106A600001200B4909680A6842F001020A600949DD
:106A7000886304210648FDF7C1FABDE810400021F3
:106A80000348FDF71FBB0000000000000000E03FCE
:106A9000582E002000400140014900200860704746
:106AA0009000002030B510B109B1002309E04FF08B
:106AB000FF3030BDC45CCD5CAC4201D0002030BDA5
:106AC0005B1C9342F6DB012030BD000030B504466C
:106AD0000025082221460748FFF7E4FF10F0FF00D9
:106AE00005D0012802D06D1C202DF2DB30BD08340A
:106AF000F9E70000680000202DE9F041050012D000
:106B000089B1487D284C02064FF001074FF000067E
:106B10000DD5666200F07F006680401CA5F800017C
:106B200085F8027106E04FF0FF30BDE8F08195F87E
:106B30000201D8B16088401C03B26380626A002001
:106B400001EB000C401C9CF816C005F802C0C0B256
:106B5000521C0228F4D36262B5F80001984205D1B4
:106B600085F8037185F80261668003E095F80301FA
:106B700001280AD12846FFF7A9FF01280BD026706B
:106B80004FF482712846F9F75BFD606AFF2800D355
:106B900066620020C9E742F2107000F091FD034ADE
:106BA000C2E900012770EBE718000020D0000020A8
:106BB0002DE9F0470C4605004FF000064FF0FF327C
:106BC00052D0ACB3DFF8D881DFF8D891414698F8BD
:106BD00004300968012713B1072B6ED129E06078D2
:106BE000464600F00F00814207D0A078B1EB101F9D
:106BF00003D000F00F00814236D1642000F060FD28
:106C0000C9E90001A278617817093368002001F012
:106C10000F0102F00F028B4201DD01B10120BB42E6
:106C200001DD07B1401C934247DD5AB3401C44E0EC
:106C30001AE0082906DD6078093907FA01F10840F1
:106C4000000704E0A078491E07FA01F1084058B196
:106C5000642000F035FDC9E90001D8F800100020DB
:106C6000092910DA491E0BE01046BDE8F087A2782A
:106C700007FA06F31A4201D0401CC0B2761CF6B2E5
:106C8000B142F4DC19E0A27807FA06F31A4201D007
:106C9000401CC0B2761CF6B2082EF5D3002209398A
:106CA00009E0637807FA02F633401B0701D0401C65
:106CB000C0B2521CD2B29142F3DC00210B464246D4
:106CC000C1EBC10606EB011602EB8606B36533661F
:106CD000F364491C0429F3DB032101EB8001C9B2F1
:106CE000D8F800202A60635CC3F301126A601B06B7
:106CF00000D552426A60635C22189B09127DDE0750
:106D00004FF07F0305D07F2A01D3EB6006E0EA60F5
:106D100004E07F2A01D3AB6000E0AA6062185378D8
:106D200003F07F062E61635C03F00C0306EB431354
:106D30002B615678360600D55B422B61937803F0C1
:106D40007F036B61615C890703EBD15169619378C3
:106D50001B0600D549426961D17801F07F03AB6120
:106D6000E17C30B1012808D002280AD003280ED1D6
:106D70000BE001F0C000410009E001F03000C1006B
:106D800005E001F00C00410101E08807C10D581831
:106D9000A861D178090600D54042A861002064E7C7
:106DA000F0070020C80000202DE9F0419FED3C0ACB
:106DB0003C4C17462DED028B0D460646F3B3012BD6
:106DC0005ED100EE106AD4ED010AB8EEC00A70EE92
:106DD000608A00EE105AD4ED020AB8EEC00A30EE16
:106DE000608A28EEA80A08EE080AFFF7A1F9DFED8D
:106DF0002E0A2E4930EE200A10EE100A88EE801A74
:106E00008842C8EE000A29DDB3EE040A20EE011A1A
:106E100020EE208A94ED010A30EE010A10EE100AED
:106E200003F010FC41EC100BFFF72EF851EC100BA7
:106E300003F048F9064694ED020A00E024E030EE43
:106E4000080A10EE100A03F0FDFB41EC100BFFF7EF
:106E50001BF851EC100B03F035F9054601233A46B7
:106E60002946304600F0BAF800EE106AB8EEC00AC3
:106E700084ED010A00EE105AB8EEC00A84ED020A51
:106E8000BDEC028BBDE8F08184ED010A84ED020ABD
:106E90000023BDEC028BBDE8F04100F09FB800007C
:106EA00000000000400000206F12833A0000A04163
:106EB00005480029C0F8881105D090F88C010128F8
:106EC00001D101F09BBE7047F007002010B51B4CAC
:106ED000192020611A48407860BB1A4801F028F94F
:106EE00019480078012825D1FF2004F8140F02204A
:106EF000607014488178A170C178E17001792171C6
:106F0000417961718179A171C179E171017A21724F
:106F1000417A6172817AA172C17AE172017B217337
:106F2000417B6173817BA173C07DE07554F80C1CBB
:106F30000248884705490120087010BDD80200208A
:106F40008800002084020020190000204D0000204D
:106F500010B500F0E3FB00281AD00E4C2046616803
:106F60008847002814DDFFF797FD04F114010A4853
:106F70002269F9F733FB0848217C417600F0ECF8F0
:106F800006490878FE2801D9002000E0401C08705E
:106F900010BD0000D80200209C02002088000020C4
:106FA00030B40021002801DA404201210A4A0024BD
:106FB00038B14FF4526301280BD0022809D00328BE
:106FC00007D0A2F87C4100BFB2F87C0130BC01F0D0
:106FD0006FBDA2F87C31F7E7F007002030B5002440
:106FE000DFED550A9FED552A9FED550ADFED551A45
:106FF0009FED551A554D012B4CD0002B7DD102EE43
:10700000902AB8EEE23ADFED523AC3EE232A62EE5E
:10701000802A22EE822A02EE900AB8EEE23AC3EE0D
:10702000202A03EE101AF8EEC33A83EEA03A00BF0E
:1070300005EB8400C4EBC401D0ED6B0AD0ED6F3AD0
:1070400001EB041160EEA20A05EB810143EE830A15
:10705000D0ED733A63EE803A70EE820A80EEA34A76
:1070600064EE210A60EE810AFDEEE00A10EE900A5D
:107070008865641C042CDBDB71B60020C0EBC0010A
:1070800001EB001105EB81018A6DCA64401C0428E4
:10709000F4DB4EE002EE900AB8EEE23AC3EE202AAC
:1070A00003EE101AF8EEC33A83EEA03A00EE902AEF
:1070B000DFED283AF8EEE00A60EEA30A60EE820AFD
:1070C00005EB8400C4EBC40190ED6B2AD0ED6F3A60
:1070D00001EB041122EE222A05EB810103EE832A43
:1070E00032EE202A81ED152AD0ED733A91ED152A62
:1070F00023EE804AC2EE043A00E01BE023EEA12A10
:1071000022EE012ABDEEC22A12EE100A00EB400068
:107110008865641C042CD3DB71B60020C0EBC00171
:1071200001EB001105EB81018A6DCA64401C042843
:10713000F4DB61B630BD00000000C8420AD7A33DB1
:10714000DB0F49400000FA4383C04240F0070020B3
:1071500000003443CDCCCC3C70B51A4C06460D46ED
:10716000606830B9304600F0B3FA607008B90120A9
:107170006060FFF7ABFE31461348FFF7BDFC617856
:10718000124809B9017911B10079072817D11C21DA
:107190000F48F9F777FA2A4631460D48FFF708FD00
:1071A000002807DA0A482038C169491CC1614FF03C
:1071B000FF3070BD064800F067FFFBF70BF80020BA
:1071C00070BD00008800002080010020F007002032
:1071D000BC02002010B500F035FA044671B602F08A
:1071E000B7FF9FED151B53EC112B03F001F802F0D4
:1071F0002BFD134900EE100A81ED690AA1F8A041A8
:1072000061B600F009FE0F4910F0FF040BD00A78B8
:10721000052A02D2521C0A700CE005200870FAF709
:10722000F5FF204610BD00200870024602210648E6
:10723000FBF76BFB002010BDDFDDDD9D799EB83FC5
:10724000F00700204C000020000802402DE9F04724
:10725000DFF8B882D8E90001FFF7CAFBAC4CAD4DAE
:10726000AD4E00274FF47A7968B1484600F028FA0D
:10727000C8E90001FFF7AEFF0228606819D00028B6
:1072800001DD401E6060DFF89482D8E90001FFF75D
:10729000AFFB30B100F050FA484600F011FAC8E9EF
:1072A0000001287900287DD002287CD0032879D1DC
:1072B00055E0401C41F2883160608842E3DB0020E9
:1072C000C0EBC00101EB001105EB81018F650F667A
:1072D000CF64401C0428F3DB0020FFF761FE00228E
:1072E00011461046D5F87831FFF778FE00210846A0
:1072F00000F01CF900210846FFF7DAFD884800225B
:1073000002218760C7604760076147618761304637
:10731000FBF7FBFA4C4600221F231146642001F0C4
:10732000DBFB00221F231146642001F0D5FB642003
:1073300000F0C8FE002202213046FBF7E6FA0023E7
:107340001A461946184601F0C7FB00231A4619468B
:10735000184601F0C1FB204600F0B4FEDBE72069CF
:10736000DFF8C091401C4FF4807820610122414633
:107370004846FBF7CAFA4FF4FA66304600F0A2FE20
:10738000002241464846FBF7C0FA01F067FC0120A5
:10739000FFF706FE304600F095FE0020FFF700FEE6
:1073A000002101E050E05FE0142000F0BFF830461B
:1073B00000F088FE14210020FFF77AFD304600F02F
:1073C00081FE20696FF06308012802D002281CD0DA
:1073D00037E0002164220846D5F87831FFF7E4FC55
:1073E000304600F06FFE002142460846D5F878315D
:1073F000FFF7DAFC304600F065FE00221146104629
:10740000D5F87831FFF7D0FC1BE000214246084652
:10741000D5F87831FFF7C8FC304600F053FE002164
:1074200064220846D5F87831FFF7BEFC304600F0FC
:1074300049FE002211461046D5F87831FFF7B4FC1A
:107440002761287903280DD0374CD4E90001FFF7D4
:10745000CFFA002806D001F0A5FD012000F030F998
:10746000C4E90001BDE8F0870120FFF799FD40F66F
:10747000B83000F027FE95F88C0130B1E068401C70
:10748000C4E902704FF4007707E00020FFF788FDA1
:10749000FEE700BF95F88C0170B10021D5F8783176
:1074A0000846A268FFF780FCC82000F00BFEA06829
:1074B0000F30A060B842EDDB0020FFF771FD002225
:1074C00011461046D5F87831FFF76EFC4FF4FA708C
:1074D00000F0F8FDA068642190FBF1F500244FF462
:1074E000967710E0012202213046FBF70EFA642065
:1074F00000F0E8FD002202213046FBF706FA38468C
:1075000000F0E0FD641CAC42ECDBFEE7B8000020BC
:107510004C000020F007002000080240C0000020BE
:10752000BC02002000000240D800002006490028CC
:10753000C1F8840107D091F88C11012903D10146CB
:10754000002001F05BBB7047F00700202DE9F043FD
:1075500023488FB0007800283FD00AA901A801F085
:107560008DFCDFF88090002401AD0DF128080EAEEF
:107570000DF12007C4EBC40000EB041109EB8100FE
:1075800058F82420C26555F824100166B3EE000AAD
:10759000083000F0F3FE002803DA012131554042A3
:1075A00001E00021315527F81400641CE4B2042CDA
:1075B000E0D39DF83B309DF83A209DF839109DF8B6
:1075C000380001F0DFFABDF82630BDF82420BDF800
:1075D0002210BDF8200001F0FDFA0FB0BDE8F083E5
:1075E00070000020F007002082B0CDE9000121F0FA
:1075F000004001909DED000B02B051EC100B704764
:107600001FB5002003900920009001200190022066
:10761000029069460A48FAF785FE0948FAF7DCFF46
:107620000A210748FAF782FF0548FAF721FF0446C6
:107630000348FBF74FF804B0C4F3071010BD000077
:107640006C2B00201FB50020039008200090012023
:1076500001900220029069460948FAF763FE084843
:10766000FAF7BAFF0A210648FAF760FF0448FAF76A
:10767000FFFE84B20248FBF72DF804B0204610BD8F
:107680006C2B002010B504460020206101210B481E
:10769000FBF736F901280DD004F11400FCF7AAFF1E
:1076A000202809D9D4F81401401CC4F814014FF063
:1076B000FF3010BD002010BD206110BD000C024045
:1076C00000B5024600F030F8801841F1000100BD1D
:1076D00008B540788DF800009DF8000000F0F0003B
:1076E0008DF800009DF8000000098DF800009DF85D
:1076F0000000002803D0072801D04FF0FF3008BD5C
:1077000000210A46435C491C1A44C9B2D2B220295E
:10771000F8D390F820001044C0B2704701480078B8
:10772000704700009000002071B60249086849685F
:1077300061B67047E000002070B50122124D94023E
:1077400021462846FBF7E1F81048007950B103289C
:1077500011D007280BD021462846BDE870400022F2
:10776000FBF7D3B81F2364221146104607E01F23FE
:107770000022642102E01F23642200210020BDE8D2
:10778000704001F0A9B90000000C0240F007002091
:107790002DE9F041144F154E05460024002220210A
:1077A0003046FBF7B2F8280601D5012200E000229E
:1077B00020213846FBF7A9F8012001F023FE012221
:1077C00020213046FBF7A1F8012001F01BFE6806DE
:1077D000641C050EE4B2082CE0D33046BDE8F0414D
:1077E00001222021FBF791B8000402400000024072
:1077F0002DE9F04116460F460446002571B600F00B
:107800000DF9A02000F0D6F8380A00F0D3F8F8B24D
:1078100000F0D0F800F002F9A12000F0CBF8761EBD
:1078200008E000BF00F084F82070002000F05CF851
:10783000641C6D1CB542F5D300F07AF8207001206D
:1078400000F052F800F012F961B6BDE8F0812DE9C0
:10785000F04716000D46074643D071B605F01F00ED
:10786000C0F12004B44200D9F4B24FF000092AE07C
:10787000387800F09FF87F1C641EE4B2F8D200F064
:10788000F5F800240A2001F0B2FD641CE4B200F017
:10789000C5F8A02000F08EF8804600F0E7F8B8F1B7
:1078A000000F01D10A2CEDD30A2C19D0D14405EBDD
:1078B0000A0085B2B14513D2A6EB0900202801D9F0
:1078C000202400E0C4B2A24600F0A8F8A02000F0F6
:1078D00071F8280A00F06EF8E8B200F06BF8CBE718
:1078E00061B6BDE8F087000070B5104C4FF4006140
:1078F000C8B101222046FBF708F80A2001F082FDFA
:107900000122950229462046FAF7FFFF0A2001F0DE
:1079100079FD002229462046FAF7F7FFBDE87040BE
:107920000A2001F06FBD0022E4E7000000040240DD
:107930002DE9F0410825002471B601221C4ED10228
:107940003046FAF7E2FFDFF86880371508F11008D3
:107950001EE00A2001F056FD002239463046FAF7B3
:10796000D4FF0A2001F04EFD012239463046FAF7D5
:10797000CCFF0A2001F046FD6006040ED8F8000096
:1079800010F4006F01D044F001040A2001F03AFD28
:107990006D1EEDB2DDD2002239463046FAF7B5FF52
:1079A0000A2001F02FFD61B62046BDE8F0810000FD
:1079B000000402402DE9F041054671B60024164F3F
:1079C0004FF400685FEA275605FA04F0000601D577
:1079D000012200E0002241463846FAF796FF0A20CD
:1079E00001F010FD012231463846FAF78EFF0A20D9
:1079F00001F008FD002231463846FAF786FF641C84
:107A0000E4B2082CE0D30A2001F0FCFC00F0DAF923
:107A100061B6BDE8F08100000004024070B50122AB
:107A2000114DD40221462846FAF76FFF0A2001F0D3
:107A3000E9FC0122960231462846FAF766FF0A2041
:107A400001F0E0FC002221462846FAF75EFF0A20FA
:107A500001F0D8FC002231462846FAF756FFBDE86F
:107A600070400A2001F0CEBC0004024070B50E4DFB
:107A70004FF40064002221462846FAF746FF0A2008
:107A800001F0C0FC012291022846FAF73EFF0A20CD
:107A900001F0B8FC012221462846FAF736FFBDE87E
:107AA00070400A2001F0AEBC000402400348417857
:107AB000002902D08178491C817070474C00002059
:107AC000012210210148FAF720BF000000080240FF
:107AD0000B4810B54FF48071C1600A4A4260002122
:107AE0000161094A8260094A0260C0F8141100F07D
:107AF00063FA01F0A1F9BDE8104001F079B8000087
:107B0000D802002085760008618A0008B97F000845
:107B100010B504462221F8F793FD00202070607014
:107B2000A070E07020716071A071E07120726072CD
:107B3000A072E07203212173122161737F21A1736E
:107B4000E0735A2084F820002046FFF7D9FD84F81E
:107B5000210010BD10B5094C012211022046FAF790
:107B6000D4FE002221152046FAF7CFFE0448006813
:107B7000016841F00101016010BD000000100240E9
:107B8000E82E002070B51A4E4FF480740022214672
:107B90003046FAF7BAFE174D0022A1002846FAF740
:107BA000B4FE012220213046FAF7AFFE0022202148
:107BB0001148FAF7AAFE114E002202213046FAF7C8
:107BC000A4FE002221463046FAF79FFE00228021C3
:107BD0003046FAF79AFE002204212846FAF795FE6D
:107BE0002846BDE8704001220421FAF78EBE00004D
:107BF00000000240000C0240000402400008024065
:107C0000012310B51A461946184600F093FF0023C9
:107C10001A461946184600F0B5FF00231A461946C1
:107C2000184600F0D7FF02490020087010BD000080
:107C30007000002010B5094C002204212046FAF7FC
:107C400064FE012202212046FAF75FFE0448006824
:107C5000016841F04001016010BD0000000C0240CD
:107C6000082C0020F0B54D482DED048B97B001ADE8
:107C70001EC885E81E000FC805AC84E80F000CA8DC
:107C800000F040F946489DF83C1041619DF83E10D7
:107C90007F2900D97F2181616B460BAA09A90AA817
:107CA00000F05EFE42F228113E48F8F7EBFC3D4C36
:107CB0009DF82C00012120609DF8240060719DF842
:107CC0002800A0719DF8000000F007002071C4F8A2
:107CD00078118DF8000004F1080000F0FDFA04F1BD
:107CE000640000F0F9FA04F1C00000F0F5FA04F5C0
:107CF0008E7000F0F1FA00209FED2B0AA4F87C01B1
:107D0000DFED2A8A9FED2A9A84ED600A054601AFCD
:107D100007EB8500D0ED000A80EEA80A20EE098A64
:107D200018EE100A02F08EFC41EC100BFEF79CF9E5
:107D300051EC100B01F088FF04EB8506C6F8AC018E
:107D400018EE100A02F07EFC41EC100BFEF728F949
:107D500051EC100B01F078FF6D1CEDB2C6F8BC01C0
:107D6000042DD5D3002005A901EB800292ED000A75
:107D700004EB8002401CC0B282ED730A0428F3D3E6
:107D80000C484FF44071A0F8201100F015F801F0F4
:107D900013F817B0BDEC048BF0BD000044A7000839
:107DA0004C000020F0070020809A904700003443E8
:107DB000DB0F4940F027002010B500F0A5FF0020A0
:107DC00010BD000070B5134C0122D1022046FAF715
:107DD0009CFD0A2001F016FB01229502294620464F
:107DE000FAF793FD0A2001F00DFB0A4810300068F5
:107DF00010F4006F03D0FFF739FE002070BD0022A1
:107E000029462046FAF781FD0A2001F0FBFA0120FD
:107E100070BD0000000402402DE9F0410024FFF78E
:107E2000EFFB354B334A596842F82100491C596031
:107E3000052903D100215960012119700026197804
:107E40003546B9B35FF0010152F8267052F82100AF
:107E5000B84200DD0E4652F82570B84200DA0D46F1
:107E6000491C0529F0DB52F82670D3E9020100EB2A
:107E7000010C674501DD42F8260052F82560411AE1
:107E80008E4201DA42F8250010680121C3F808008B
:107E900052F82150491C28440529F9DB052190FBA3
:107EA000F1F1C8B29960832911DA01247E290EDC30
:107EB00002240CE0FFE7D2E900152944D2E902527E
:107EC0002A441144CA1701EB92718910996071B666
:107ED0000A4981F8A20100EE100ADFED090AB8EEA6
:107EE000400A20EE200A81ED6A0A61B62046BDE80C
:107EF000F08100005C01002000000020F00700205D
:107F00006666CA3D10B504462221F8F799FB222285
:107F100000212046FFF76CFC2046FFF7F1FB94F8A8
:107F200020105A2903D194F82110814207D020460D
:107F3000FFF7EEFD222200212046FFF788FC0020FB
:107F400010BDFAF78FFEFDF70BFD71B6FCF7BEFC16
:107F5000FCF746FCFCF78EFDFCF75CFEFCF7C4FE6C
:107F6000FCF700FFFCF73CFFFCF778FFFCF7E0FFB5
:107F7000FDF712F8FCF7A2FDFCF7E4FDFDF774F83D
:107F8000FCF7AAFFFCF71EFEFCF754FD00220521BA
:107F90002B20FAF7F7FE2B20FAF7E6FEFDF7AEFCF2
:107FA000FCF754FC00F095F8FEE701460020842918
:107FB00000D0C81C704700001CB525A10022D1E9E3
:107FC0000001CDE9000124494FF0FF300860042191
:107FD0002248FAF79AFC7020FCF7C6FA3F210020ED
:107FE000FCF7C2FB322001F0F7F919211120FCF750
:107FF000BBFB00210120FCF7B7FB01210220FCF7AD
:10800000B3FB03210846FCF7AFFB00210420FCF77B
:10801000ABFB1348407900F07F010520FCF7A4FB7F
:1080200026210620FCF7A0FB052269460020FCF76C
:1080300053FB002069460A5C11320A54401CC0B24E
:108040000528F8D305216846FCF764FB1CBD000039
:10805000009845711000000090000020000C0240C4
:10806000F00700200EB501238DF804004FF0FF301B
:10807000009002AA01A90348FBF70CFA9DF808003A
:108080000EBD0000082C002070B50D4D0446287967
:1080900008B1072813D16068FEF782FFD4E9020116
:1080A000FFF744FAD4E90201FEF702FF1034D5F8D5
:1080B000783194E80700BDE87040FEF775BE70BDEA
:1080C000F007002010B500B9012001F07DF8002074
:1080D00010BD10B501F014F9002010BD7FB50D469C
:1080E00004464169B0F9080081B1A16971B1FFF797
:1080F0005CFFD4E905128DE80700D4E900102B4697
:10810000226901F0E8FB039004B070BDFFF74DFF5A
:1081100003A9CDE90001208A2B4682B2D4E90010E0
:1081200001F0ACFB012801D00020EDE70398EBE75C
:108130002DE9F041644E654D654B96F88C21AA609F
:1081400004461F7801210020022F02D0012F02D007
:1081500003E0E96000E02961187062B9EB68012B67
:1081600006D1E86069612862EB695B1CEB616970AC
:108170002B69012B06D02B6A142B0ADBEB68012B31
:108180000BD00BE02861A9612862EA69521CEA6100
:1081900069702A6A521C2A6215E0E8602B69012B7B
:1081A00000D128616B69012B00D16861AB69012B9B
:1081B00000D1A8616B68934204D02862EA69521C1E
:1081C000EA6100E00AB1697000E06870E9697F293E
:1081D00000D1E861FFF714FA0746FFF733FAC1B29E
:1081E00071B686F8A271A6F8A01196F8A211FE2029
:1081F000FF2901D186F8A201B6F8A011FF2901D10B
:10820000A6F8A001FF2020700221617031790029B9
:10821000317800D1491E01F00F01A170AB682A7DB1
:10822000990101EB42112A7E01EB0211E17096F8EF
:10823000A2112171B6F8A0116171F021A171F26D46
:10824000002A00DA52420A2192FBF1F292FBF0F787
:1082500000FB172792FBF0F2E7712272D6F8B820E4
:10826000002A00DA524292FBF1F292FBF0F700FB97
:10827000172792FBF0F26772A272D6F81421002A37
:1082800000DA524292FBF1F292FBF0F700FB172763
:1082900092FBF0F2E7722273D6F87021002A00DA1E
:1082A000524292FBF1F191FBF0F200FB121291FBB2
:1082B000F0F06273A07307480721007801EB00100B
:1082C000E0756B60BDE8F081F00700201800002029
:1082D00040000020140000209FED190ADFED190A6C
:1082E0009FED1A1A002180EC020ADFED170AC0ED9B
:1082F000020A80ED031A80ED040AC0ED050AB3EE10
:108300000E0A80ED060A9FED120ADFED120A80EDDB
:10831000070AB2EE040A80ED080AC0ED090ADFED93
:108320000E0AC0ED0A0A80ED0B0A41644FF4D251E7
:108330009FED0A0A016380ED0D0A00F011B80000FC
:1083400048E13A3E5C8F423D000000001F856B3ED5
:10835000CDCC4C3F33332342000048420080894358
:108360009FED050A002180ED0E0A80ED0F0A80EDD9
:10837000100A41647047000000000000344B10B543
:10838000D3F878310446012B01D0FBB13EE094EDE7
:108390000F1A84ED101AD4ED0E0AC4ED0F0A606CAA
:1083A000801A00EE100AB8EEC00A84ED0E0AD4ED71
:1083B000031A21EE800AD4ED041A01EEE00AD4ED8E
:1083C000050A00EE810ABDEEC00A1DE0D4ED0F0AD9
:1083D000C4ED100A94ED0E0A84ED0F0A606C401A89
:1083E00001EE100AB8EEC11A84ED0E1AD4ED091A86
:1083F00021EE811AD4ED0A1A01EEC01A94ED0B0A8F
:1084000000EE201ABDEEC10A10EE100AA16C08445D
:10841000A064A16C206B814203DCA16C40428142CC
:1084200000DAA0641046FCF73CFE002800DA404267
:1084300094ED0D0AF3EE000AFEF7B6FAA16C814244
:1084400003DCA16C4042814200DAA064A06C10BD44
:10845000F00700202DE9F041184C0F460546E6686C
:108460002068001D00F0BEFD38B9206890F82C107F
:1084700001208840216981432161681C07D137B1FF
:108480002168BDE8F0410E48091D00F0EFBD2068ED
:108490003544B5424560216805D2A06BBDE8F04186
:1084A000091D00F0CBBD606B091D00F0C7FDA06A7F
:1084B000854200D2A562BDE8F0810000F4000020F2
:1084C000E43000202DE9F041054600F0DBFD2E4CA4
:1084D000A068401CA06020682C4F10B1606940B3B8
:1084E0002DE02560A068012829D1002606EB860032
:1084F00007EB800000F094FD761C072EF6D323488E
:108500008C3000F08DFD2148A03000F089FD1F481F
:10851000B43000F085FD1D48C83000F081FD1B48D7
:10852000DC3000F07DFD19488C3060631430A063AE
:1085300005E02068E96AC06A884200D82560606A60
:10854000401C6062E96A0120226988401043206172
:1085500001EB810007EB8000291D00F087FD00F092
:10856000B1FD606900280CD02068E96AC06A8842C1
:1085700007D207494FF080500860BFF34F8FBFF319
:108580006F8FBDE8F0810000F4000020083000206B
:1085900004ED00E010B5044690F8510058B10128F0
:1085A0000CD002280FD0502080F31188BFF34F8FDA
:1085B000BFF36F8FFEE7206B00F098FD2046BDE80B
:1085C000104000F093BD10BD10484FF470514207A9
:1085D00006D0C01D0D4920F00700411AC1F57051A9
:1085E0000B4A00230144C2E900030839183A21F07C
:1085F000070111604B600B600B1AC0E90013936018
:108600004FF000405360506170470000F830002088
:1086100048010020144E154CA6F1C8074FF08058B1
:10862000DFF84C9012E000BF00F02CFDF068C56848
:10863000281D00F0D7FCA068401EA0606068401EA6
:10864000606000F03FFD2846FFF7A4FF6068002847
:10865000EAD138680128F9D9C9F80080BFF34F8FF3
:10866000BFF36F8FF2E70000D0300020F40000204D
:1086700004ED00E00346009829B10260C0E90F3123
:10868000012100F073BF0060F8E72DE9F0479A463A
:10869000DDE9098481466FF00303206B03EB82025E
:1086A0001044089E20F00707780707D0502080F379
:1086B0001188BFF34F8FBFF36F8FFEE7002561B1C5
:1086C000002023180A5C83F834200A5C12B1401C95
:1086D0001028F6D384F8435001E084F83450072E74
:1086E00000D30626E662C4E91165201D00F0A3FC54
:1086F00004F1180000F09FFC2461C6F107006462D9
:10870000A061E56484F8505052464946384600F06E
:1087100011F92060B8F1000F01D0C8F80040BDE8A1
:10872000F087000030B5114900E011460A68824226
:10873000FBD34B685C18844203D1406818444860FE
:10874000084643681C18944209D1084C183C246818
:10875000A24209D052681A4442600A681268026054
:10876000814200D0086030BD0460F9E74801002074
:1087700010B5044600F086FCA06B28B15FF0000441
:1087800000F0A0FC204610BD0124F9E70648416B2B
:10879000096829B1416BC968C96849688162704735
:1087A0004FF0FF31FAE70000F4000020084840686D
:1087B000401C4FF0500080F3118804D0BFF34F8F5E
:1087C000BFF36F8FFEE7BFF34F8FBFF36F8FFEE7EF
:1087D000500100202DE9F041044600F053FC94F9CB
:1087E000455004F1240609E0606A48B1304601F0C2
:1087F00057F908B100F016FD6D1E6DB2002DF3DCC7
:108800004FF0FF3684F8456000F05CFC00F03AFC65
:1088100094F9445004F1100709E0206948B1384642
:1088200001F03EF908B100F0FDFC6D1E6DB2002DA7
:10883000F3DC84F84460BDE8F04100F043BC000084
:108840002DE9F0410546002700F090FD324E3068DA
:1088500008B9FFF7B9FE706905424ED1C5B30835B6
:1088600068070ED005F00700C0F10800054468074E
:1088700007D0502080F31188BFF34F8FBFF36F8F65
:10888000FEE72DB37068854237D82348183001467B
:108890000C6801E020460C466168A94202D22168BA
:1088A0000029F7D131688C4227D007682168016020
:1088B00060680837411B10290FD96019420708D09A
:1088C000502080F31188BFF34F8FBFF36F8FFEE707
:1088D00013E041606560FFF725FF61687068401A2A
:1088E0007060B268904200D2B060706901430020AD
:1088F000C4E90001F068401CF06001F00BF9780752
:1089000007D0502080F31188BFF34F8FBFF36F8FD4
:10891000FEE73846BDE8F0813001002004490868D0
:1089200018B10868826C521C8264086870470000A5
:10893000F400002010B5031F4FF080741C601B1F53
:1089400021F001011960191F044B0B6014390A60F2
:10895000091F6FF0020244380A6010BDAD8700089D
:108960002DE9FF5F9A4693460C46002571B62A46CC
:10897000394F80213846F9F7C8FF052000F042FD45
:108980004FF48078002241463846F9F7BEFF0122B5
:1089900080213846F9F7B9FFDFF8BC90002609F1CD
:1089A00010096D08D9F80000800501D545F400458F
:1089B000012241463846F9F7A8FF012000F022FDC8
:1089C000002241463846F9F7A0FF012000F01AFDC9
:1089D000761CF6B2102EE4D361B6690B8AF800104B
:1089E000C5F30310207005F00F00401C8BF8000049
:1089F00000982178017019492078486121785D201C
:108A0000102926D2DFE801F0080A0C0E1012141605
:108A1000181A251C1E2022245F201AE0492018E085
:108A20004B2016E04D2014E04F2012E0512010E0C2
:108A300055200EE059200CE065200AE0672008E090
:108A4000692006E06D2004E0712002E0752000E05E
:108A500079202070BDE8FF9F000802400000002040
:108A600070B5114D0446002204212846F9F74DFF48
:108A70000020FBF73BFEFBF7A9FD217C04F114006D
:108A8000FBF78CFE012204212846F9F73EFF142053
:108A900000F0B8FC002204212846F9F736FF03490C
:108AA00000200860206970BD000C0240900000208A
:108AB00010B5044606484FF4806309B1012200E076
:108AC00000221946F9F721FF02480068446310BDEF
:108AD00000100240E82E00202DE9F04105461C461A
:108AE00016460F460020FEF753FE0020FEF750FE0C
:108AF0000020FEF74DFE0020FEF74AFE44F0E000A5
:108B0000FEF746FE3046FEF743FE3846FEF740FECF
:108B10002846FEF73DFEFF20FEF73AFEFF20FEF757
:108B200037FEFF20FEF734FEBDE8F041FF20FEF7E0
:108B30002FBE000070B50D4600210C4608B1102470
:108B400000E0102115B144F0200401E041F02001C3
:108B500012B144F0400401E041F0400113B144F08F
:108B6000800401E041F08001054D00222846F9F71C
:108B7000CCFE21462846BDE870400122F9F7C5BE6B
:108B80000010024070B50D4600210C4608B10124CA
:108B900000E0012115B144F0020401E041F00201BE
:108BA00012B144F0040401E041F0040113B144F0B7
:108BB000080401E041F00801054D00222846F9F7BC
:108BC000A4FE21462846BDE870400122F9F79DBE6B
:108BD0000010024030B5054C256868632068816349
:108BE0002068C2632068036430BD0000602C002050
:108BF00001490120086070479000002070B50029ED
:108C000024DD134B4FF0FF3503EBC00254680CB169
:108C1000284670BD0F4E0024C6F8904143F830102E
:108C20004FF4FA630C4C536030B1012809D0FDF7C2
:108C3000EBFE00F021F8EBE7084600F035F80220E3
:108C400003E00846FDF7F8FE01202070002070BD0B
:108C500070010020F0070020400000200020054A9D
:108C6000014600BF02EBC003401C59600228F9DB3B
:108C7000002070477001002010B500210948FBF763
:108C800021FA08480068016A41F21112114207D125
:108C9000016A9210114203D1016821F001010160C3
:108CA00010BD0000582E002010B57F2800D97F206D
:108CB00000EB800001F04CFA9FED0F1B53EC112BE1
:108CC00000F0F4FF01F0FEF9A0F27B20404200D159
:108CD00001200B4909680A6842F001020A6009494B
:108CE000486300210648FBF789F9BDE810400421DC
:108CF0000348FBF7E7B90000000000000000E03F78
:108D0000582E00200040014010B5FFF7B5FFFDF7D9
:108D10007BFE00200549024601EBC003401CC0B2A7
:108D20005A600228F8D3002010BD00007001002016
:108D300030B54FF080410A684FF6FE7002400A607D
:108D4000194A136803401360184B1C6804401C60E8
:108D5000174C25680540256000204862124D2435D7
:108D60002860124D24352860114D24352860114D9E
:108D70002860104D143D28600E482438056845F0E1
:108D800001050560086840F001000860106840F0C7
:108D900001001060186840F001001860206840F081
:108DA0000100206030BD00000004004000080040C9
:108DB000000C00402414004004480068016841F0A1
:108DC0000101016000210148FBF718B9A02E002025
:108DD00070B5164D002400BFC4EBC40000EB0410B6
:108DE00005EB80000830FFF7BBFA641CE4B2042CEA
:108DF000F2D3FFF79DFF71B601200D49087061B6EF
:108E00000C48FAF737FD00210A48FBF7F7F8042170
:108E10000848FBF7F3F808210648FBF7EFF8BDE830
:108E200070400C210348FBF7E9B80000F007002070
:108E300070000020602C002070B50E4C20680128C6
:108E400016D00D4D002204212846F9F75EFD0120C1
:108E5000FBF74CFCFBF7A6FBFBF7B8FB7020FBF71E
:108E600083FB012204212846F9F74FFD01202060F1
:108E700070BD000090000020000C0240F0B4404A99
:108E80001468256A41F21112154240F2444306D19A
:108E9000256A1D4203D1256825F001052560394C5E
:108EA0002468256A154206D1256A1D4203D125682A
:108EB00025F001052560344C2468256A154206D149
:108EC000256A1D4203D1256825F0010525602F4C38
:108ED0002468256A154206D1256A1D4203D12568FA
:108EE00025F0010525602A4C2468256A154206D123
:108EF000226A1A4203D1226822F001022260254A26
:108F0000126813041B0C01D14FF6FF73224D9FED25
:108F1000231A234E0022F5EE001A00BF55F8224016
:108F2000646A00EE103A24B2B8EE400AC1EE000ABC
:108F300000EE104AB8EEC00A60EE800A00EE104A59
:108F4000FDEEE00AB8EEC00A10EE904A20EE210ACB
:108F5000644241F82240C2EBC20404EB021406EB67
:108F60008404276EBDEEC00A10EE104A3C1B40F888
:108F70002240521CD2B2042AD0D3F0BCFFF7D8BE94
:108F8000102E0020A82C0020F02C0020382D0020CE
:108F9000802D002024140040740000200024F44997
:108FA000F007002010B50020074B044603EBC0017A
:108FB0004A68002A02DD521E4A6000E04C60401CF4
:108FC0000228F3DB10BD0000700100200448016896
:108FD0004268491C42F10002016042607047000093
:108FE000E0000020D0E9013201699A60D0E9012354
:108FF0005A604A68824201D182684A600022026156
:109000000868401E0860086870470000034B036052
:1090100003F1540008608020106070471829002078
:1090200000F108014FF0FF32C0E90112C160016197
:1090300000210160704700210161704730B50B6865
:109040005A1C02D000F1080202E0026904E0224644
:10905000546825689D42FAD953684B6099608A60CC
:10906000516008610168491C016030BD42684A6076
:1090700093688B6093685960916008610168491C2E
:1090800001607047502080F31188BFF34F8FBFF30A
:109090006F8F0A494868401C486001280CD1084875
:1090A000006810F0FF0F07D0502080F31188BFF345
:1090B0004F8FBFF36F8FFEE7704700005001002015
:1090C00004ED00E00849486828B1401E486001D11D
:1090D00080F311887047502080F31188BFF34F8FC1
:1090E000BFF36F8FFEE700005001002070B500282D
:1090F0002AD0164DA0F1080460686969084207D1BA
:10910000502080F31188BFF34F8FBFF36F8FFEE7BE
:1091100022683AB1502080F31188BFF34F8FBFF31C
:109120006F8FFEE78843606000F020F9606869682F
:10913000084468602046FFF7F5FA2869401C28615A
:10914000BDE8704000F0E6BC70BD000030010020BA
:109150004FF0E02000210161816105494FF47A72EE
:109160000968B1FBF2F1491E4161072101617047B5
:109170008400002010B5F7F72DF9114910280ED3FF
:1091800000F1E02090F8F0030A78904207D25020D6
:1091900080F31188BFF34F8FBFF36F8FFEE709484D
:1091A0000068896800F4E060884207D9502080F3A5
:1091B0001188BFF34F8FBFF36F8FFEE710BD000024
:1091C000500100200CED00E010B5020014D00F4853
:1091D000006B38B1502080F31188BFF34F8FBFF37D
:1091E0006F8FFEE700F0C2F800211046FFF732F95A
:1091F00000F090FC002807D105494FF0805008602E
:10920000BFF34F8FBFF36F8F10BD0000F40000203D
:1092100004ED00E002490A6A0260C96841607047D3
:10922000F400002001490120C8617047F4000020CB
:1092300010B50C4650B1094909681831FFF7FEFE18
:109240002046BDE810400121FFF704B9502080F30B
:109250001188BFF34F8FBFF36F8FFEE7F40000203C
:1092600070B5040047D0A26CA2B1606C884200D3F4
:109270000146E06A88423ED0012A3CD11E4D2A6850
:1092800094420FD1502080F31188BFF34F8FBFF36A
:109290006F8FFEE7502080F31188BFF34F8FBFF32D
:1092A0006F8FFEE7E162A269002A02DBC1F10701CC
:1092B000A161124E00EB8000616906EB80008142E3
:1092C00019D1201DFFF78EFE012130B994F82C0032
:1092D0002A6901FA00F082432A61E06A2A69814022
:1092E0001143296100EB800006EB8000211DBDE8E1
:1092F0007040FFF7BBBE70BDF400002008300020B6
:1093000010B586B00024039405AA04A903A8049408
:10931000FFF77CFEDDE903010094CDE90110002395
:109320000EA11048059A00F0D6FA0F490028C8622D
:1093300011D0502080F31188BFF34F8FBFF36F8F90
:109340004FF0FF30886201204861CC6006B0BDE874
:10935000104000F06FB806B010BD000049444C4505
:109360000000000015860008F40000200248016B90
:10937000491C016370470000F40000201448016B91
:1093800011B10121C16170470021C1610169B1FAC8
:1093900081F1C1F11F0101EB81020E4951F8223028
:1093A0006BB101EB820101F108034A6852684A601F
:1093B0009A4201D152684A60D168016070475020DA
:1093C00080F31188BFF34F8FBFF36F8FFEE700006C
:1093D000F40000200830002000B5024604E06420BC
:1093E00000F010F8521ED2B2002AF8D100BD00B52C
:1093F000820002E0FA2000F005F8521E92B2F9D283
:1094000000BD0000C0EBC00000EB40006FF0130196
:1094100001EB40010648C16200214162016101681F
:1094200041F0010101600168C907FCD170470000EB
:10943000001000401CB537480168374A914207D1F7
:10944000502080F31188BFF34F8FBFF36F8FFEE77B
:1094500000683149491E884207D1502080F31188A5
:10946000BFF34F8FBFF36F8FFEE72C490878019051
:10947000FF20087008788DF800009DF800009DF826
:10948000002000F0F000904207D0502080F31188B7
:10949000BFF34F8FBFF36F8FFEE79DF80000204CA6
:1094A00000F0500020700720A06005E09DF800202B
:1094B00052008DF80020401E9DF800201206F5D4C1
:1094C000A060032807D0502080F31188BFF34F8F8E
:1094D000BFF36F8FFEE74FF44070A06001980870F3
:1094E0000C482030016841F470010160016841F0CE
:1094F00070410160FFF72CFE00206060F6F732FF3C
:109500000848016841F040410160F6F717FF00206C
:109510001CBD000000ED00E071C20F4100E400E05E
:109520005001002034EF00E0F8B517460E46050064
:1095300013D005FB06F04830FFF782F904000AD08B
:10954000002084F8460004F148023B463146284694
:109550000094FFF78FF82046F8BD502080F3118863
:10956000BFF34F8FBFF36F8FFEE7000070B50D465E
:10957000040025D0FFF786FDD4E90F20216802FB07
:109580000011A1600021A163216861600A46D4E94D
:109590000F01401E00FB0121E16021464FF0FF302A
:1095A00001F8440F487004F110008DB1FFF738FD49
:1095B00004F12400FFF734FDFFF784FD012070BDA6
:1095C000502080F31188BFF34F8FBFF36F8FFEE7FA
:1095D00021690029F0D000F063FA0028ECD004499A
:1095E0004FF080500860BFF34F8FBFF36F8FE3E7FA
:1095F00004ED00E070B50E46040009D0206C78B18F
:10960000502080F31188BFF34F8FBFF36F8FFEE7B9
:10961000502080F31188BFF34F8FBFF36F8FFEE7A9
:10962000206848B9A06838B1502080F31188BFF392
:109630004F8FBFF36F8FFEE7FFF79CFD5020EFF3D6
:10964000118580F31188BFF34F8FBFF36F8FA16B2C
:10965000E06B884218D994F94500491CA163411C6C
:1096600004D0401C84F8450001200EE0606A002808
:10967000FAD004F1240000F013FA0028F4D0002EF0
:10968000F2D001203060EFE7002085F3118870BD33
:109690002DE9F343002683B00400354609D0206C41
:1096A00078B1502080F31188BFF34F8FBFF36F8FD5
:1096B000FEE7502080F31188BFF34F8FBFF36F8F09
:1096C000FEE700F033F9DFF83C814FF000094FF07E
:1096D000805748B9049838B1502080F31188BFF3FF
:1096E0004F8FBFF36F8FFEE7FFF7CCFCA06BC8B1C5
:1096F000401EA063206810B9FFF710F9A060206930
:1097000050B104F1100000F0CBF928B1C8F8007096
:10971000BFF34F8FBFF36F8FFFF7D4FC012005B06D
:10972000BDE8F083049808B166B10FE03DB1502068
:1097300080F31188BFF34F8FBFF36F8FFEE7FFF702
:10974000C1FC5DE06846FFF765FD0126FFF7BAFC46
:10975000FFF70CFEFFF796FC94F94400401C01D182
:1097600084F8449094F94500401C01D184F8459058
:10977000FFF7A8FC04A9684600F046F80028204638
:1097800012D0FFF727F800F0C5F92046FEF7F0FFEA
:109790000028A9D09DB3FFF775FC606A50B3206B19
:1097A0000068C0F1070126E0FEF7E2FFE0B12068A3
:1097B00038B9FFF767FCA06800F02CF90546FFF701
:1097C00081FC04F124000499FFF732FD2046FFF7E5
:1097D00001F800F09FF9002886D1C8F80070BFF3A7
:1097E0004F8FBFF36F8F7FE72046FEF7F3FF00F048
:1097F00091F979E70021A068FFF732FD9FE7FFE7C5
:1098000000208CE704ED00E02DE9F0410C46050056
:1098100011D0C4B1FFF736FC174BDA686E682068C8
:10982000911B471C17D02F681B6A9F4219D0964284
:1098300017D8012410E0502080F31188BFF34F8F18
:10984000BFF36F8FFEE7502080F31188BFF34F8F77
:10985000BFF36F8FFEE70024FFF734FC2046BDE81E
:10986000F081884205D9401A20602846FFF7D2FCD3
:10987000F1E700202060DCE7F40000202DE9FF5F25
:109880008346DDE90E87994616468A469000FEF724
:10989000D7FF05001CD05420FEF7D2FF040014D0DF
:1098A0000020256384F85100CDE90240CDE900870E
:1098B0004B46324651465846FEF7E7FE2046FEF735
:1098C00001FE012004B0BDE8F09F2846FFF70EFC22
:1098D0004FF0FF30F6E7F0B585B0DDE90B640A9D87
:1098E000A6B1DCB1542700972663022684F85160A4
:1098F000002604AFCDE90246CDE90057FEF7C5FECC
:109900002046FEF7DFFD049805B0F0BD502080F33F
:109910001188BFF34F8FBFF36F8FFEE7502080F3A6
:109920001188BFF34F8FBFF36F8FFEE70548416982
:1099300019B1006B18B10020704701207047022058
:1099400070470000F40000202DE9F0412F4C002664
:10995000206B28B1A069401CA0613046BDE8F081B1
:10996000E5686D1CE56013D1606B006838B150206C
:1099700080F31188BFF34F8FBFF36F8FFEE7606BEB
:10998000A16B6163A063206A401C2062FEF7FEFEAB
:10999000A06ADFF87C80854209D3606B0068A0B1C3
:1099A000606BC068C7687868854211D2A062206881
:1099B000C06A00EB800158F82100012800D9012677
:1099C000E0690028C9D00126C7E74FF0FF30EDE776
:1099D000381DFFF707FBB86A18B107F11800FFF749
:1099E00001FBF96A0120226988401043206101EBE4
:1099F000810108EB8100391DFFF738FBF86A216807
:109A0000C96A8842C9D30126C7E70000F4000020D4
:109A10000830002070B504004FF0000034D01E4D17
:109A2000E16A2A68D26A91422FD2A069002804DB39
:109A30002868C06AC0F10700A061184E01EB8101DF
:109A4000606906EB810188421AD1201DFFF7CAFA2E
:109A5000012130B994F82C002A6901FA00F0824300
:109A60002A612868C06AE0622A698140114329613D
:109A700000EB800006EB8000211DFFF7F7FA02E003
:109A80002868C06AE062012070BD616C2A68D26AF1
:109A90009142F8D370BD0000F4000020083000208F
:109AA0002DE9F041C068C468ACB104F11800074664
:109AB000FFF798FA154D286B0126A0B139461448D6
:109AC000FFF7D4FAE06A2968C96A88421CD90120E4
:109AD000EE61BDE8F081502080F31188BFF34F8F15
:109AE000BFF36F8FFEE7201DFFF77CFAE16A2A695A
:109AF00006FA01F01043286101EB81000449B439F2
:109B000001EB8000211DDBE70020E2E7F4000020EC
:109B1000BC3000202DE9F0472C4D00242746286B4F
:109B200038B1FFF7AFFA286B401E2863286B40B1AD
:109B300046E0502080F31188BFF34F8FBFF36F8F43
:109B4000FEE7A968224E0120D1B3A6F1B4098046F0
:109B50003068E8B1F068C46804F11800FFF742FA11
:109B6000201DFFF73FFAE06A2A6908FA00F1114365
:109B7000296100EB800109EB8100211DFFF776FAD6
:109B8000E06A2968C96A8842E2D3C5F81C80DFE729
:109B90000CB1FEF7FBFDAC6944B14646FFF7D4FEBD
:109BA00000B1EE61641EF9D10020A861E86938B106
:109BB0000849012738070860BFF34F8FBFF36F8F45
:109BC000FFF780FA3846BDE8F0870000F400002077
:109BD000BC30002004ED00E010B500290AD0087860
:109BE000002807D005487844F6F774FD002801D016
:109BF000002010BD0248784410BD0000D2190000BA
:109C0000CA19000010B500290AD00878002807D02A
:109C100005487844F6F75EFD002801D0002010BD0D
:109C20000248784410BD0000C2190000BA190000B3
:109C300081F00041704780F00040704721F0004102
:109C4000704720F00040704721F00042A2F16052BE
:109C5000B2F5801F01F0004328BFD2F17F6C0BD911
:109C60005FEA001C43EAC20242EB507018BF704723
:109C700028BF20F001007047B2F5801FBCBF184616
:109C800070474FEA410C1CF5001F02D2084600F055
:109C90004FBD70B500F056FB00000089FFF7F6BF1E
:109CA0004FF00040A0F580007047000010B591EA29
:109CB000030F48BF83F0004300F1E283841A71EB85
:109CC000030C05D2121943EB0C03001B61EB0C01D2
:109CD000DFF824E14FEA1154A4EB135C1EEA430FB2
:109CE00018BF9EEA445F73D023EA0E03DCF1200E16
:109CF00021EA045143F4801332D322FA0CFE10EB14
:109D00000E0023FA0CFE41EB0E01CCF1200E03FAFB
:109D10000EFE10EB0E0051F10001B1F5801FCCF1E9
:109D2000200E32D201EB045112FA0EF2BDE81040BF
:109D300058BF7047401C38BF5FEA420218BF7047E7
:109D4000002814BF20F0010041F100014FEA410357
:109D500013F5001F38BF7047A1F1C04100F040BBB0
:109D6000012A43EB0302ACF1200CDCF11F0E32BFE1
:109D70004FF0000E23FA0CF310EB030041EB0451FB
:109D8000B4EB115FD0D0A1EB045101F5801149086B
:109D90005FEA300001EB04510ED350F1000038BFF0
:109DA00012FA0EFE08D1BDE81040C9E7401C38BFCA
:109DB0005FEA4202CAD1C3E7BDE810404FEA41035F
:109DC00013F5001F38BF7047A1F1C04100F008BB78
:109DD0009EEA445F08D011EA5E0FBDE8104004BF60
:109DE00001F0004100207047BDE8104070B500F060
:109DF000A9FA00BF64FBBE3E0000E0FF491058BF57
:109E0000C1F140415B1058BFC3F140438B42EFF3B7
:109E1000008070472DE9C04130B4DFF8A0C23CEAB1
:109E2000111418BF3CEA131400F0EC8081EA03051A
:109E30001CEA111444EAD57418BF1CEA131500F08B
:109E4000C780A4EB05044FF0004545EAC12145EA6F
:109E5000C32341EA505143EA525304F17F749942BB
:109E600004F500344FEAC0204FEAC22208BF9042F6
:109E700000F09C804FEA13650FF24016765D4FEAC2
:109E8000134506FB05F7C7F1807706FB07F74FEA96
:109E9000D737A7FB03687642C8F58038A7FB06CE04
:109EA00038BFA8F1010807FB08E64FF0000EA6FB3B
:109EB000028CE6FB03CEDCF1000CCEF1004E38BF85
:109EC000AEF1010EA6FB0C584FF000074FF0000555
:109ED000E6FB0E87A1FB08C6A0FB07CE16EB0E061D
:109EE00045F10005E1FB076515F1E04E7EBFA4F5E5
:109EF00080345FEA46066D4116F1800745F10005A2
:109F00004FEA17274FEA066647EA0567A6F1DE46DD
:109F1000B6F1805F4FEA15251FD9384624F0010CB1
:109F200005EBC471BCF1FE6F01EB0C1102D8F0BC63
:109F3000BDE8008124425CBF01F5801E9EEAC47F1B
:109F400002D4F0BCBDE80081244238D4F0BCA1F1B9
:109F5000C041BDE8004100F043BA4FEAD22242EAD4
:109F600043524FEAD323A7FB02864FEAD02040EAB0
:109F7000415007FB03661EEA0E0F4FEAD12105FB95
:109F8000026658BFA6EB0056B6EB00564FEA520EDB
:109F90004EEAC37E18EB0E0E56EB530EBDD518EBF2
:109FA00002085E417F1C55F10005B6E74FF48015AD
:109FB0004FF000074FF000064FF00008ADE7F0BC8F
:109FC0004FF0000001F1C04101F00041BDE8008107
:109FD00011EA0C1F0CEA131500D00CE013EA0C1F59
:109FE00000F025804FF00000F0BC81EA030101F091
:109FF0000041BDE80081F0BCBDE8004181EA0301F9
:10A0000000F0EEB9F0BCBDE8004170B500F09AF97F
:10A01000097EFC3E00F007B881EA03014FF0000022
:10A0200001F00041704781EA030100F0D9B9F0BCAA
:10A03000BDE800414FF0000021497047FFFDFBF9EA
:10A04000F7F5F4F2F0EEEDEBE9E8E6E4E3E1E0DE6B
:10A05000DDDBDAD8D7D5D4D3D1D0CFCDCCCBCAC8DD
:10A06000C7C6C5C4C2C1C0BFBEBDBCBBBAB9B8B704
:10A07000B6B5B4B3B2B1B0AFAEADACABAAA9A8A8F7
:10A08000A7A6A5A4A3A3A2A1A09F9F9E9D9C9C9BC5
:10A090009A99999897979695959493939291919070
:10A0A0008F8F8E8E8D8C8C8B8B8A89898888878701
:10A0B0008685858484838382828181800000FF0776
:10A0C0000000F87F4FEA41034FEA5353A3F5806342
:10A0D000D3F11E03C8BFD3F1210C0CDD4FF00042B9
:10A0E00042EAC12242EA505232FA03FC8CEAE17C95
:10A0F000ACEBE1707047102BC4BF0020704703F534
:10A10000787CBCF1FF3F04D06FF0004282EA21006E
:10A11000704770B500F016F949922480002070470E
:10A12000F2E710F0004248BF4042B0FA80F310FA64
:10A1300003F10AD0C3F11D0303F580634FEA4150D8
:10A1400002EB035202EBD12170474FF00000704741
:10A15000B0FA80F310FA03F10AD0C3F11D0303F53E
:10A1600080634FEA41504FEA035202EBD12170471E
:10A170004FF000007047000051EA030C17D41CF5A3
:10A18000801F58BFBCF5801F00F10680994218BFA0
:10A19000704708BF9042704707D711F5801F58BF1E
:10A1A00013F5801F19D499427047894270471CF5F6
:10A1B000801F08D5BCF5801FF7D58B4218BF7047AC
:10A1C00008BF824270474FF4001C1CEB410F38BFA0
:10A1D0001CEB430F01D28B42704770B500F0B2F810
:10A1E000922449004FF000514FF08053FFF706BE14
:10A1F000DFF848C170B51CEA111E1EBF1CEA13151A
:10A200009EEA0C0F95EA0C0F00F06F8081EA0304C0
:10A2100023EA4C134EEAD47E21EA4C1141F480111A
:10A2200043F48013AE44A1FB024CA0FB0365AEF1E6
:10A230007F7E361955EB0C05A1FB034C4CF1000356
:10A24000A0FB021C16EB0C06654153F1000309420A
:10A2500018BF46F0010613F4007F0BD14FEA03311B
:10A260004FEA0530340341EA155140EA16506FF0C9
:10A2700003020AE04FEAC3214FEAC520F40241EA93
:10A28000555140EA56506FF0020202EB2E4201EBAC
:10A29000025585EACE710AD05FEA440C18BF24F05B
:10A2A000004450F1000041F1000120EAD47040F276
:10A2B000FE7C624500D270BDA84214BF4FF08044BE
:10A2C0004FF04044002E08BF0024BEF1806FA8BFAD
:10A2D000A1F1C041BDE8704080F282804FF00000E3
:10A2E00001F1C04101F0004170479EEA0C0F0CEAF9
:10A2F000131518BF95EA0C0F06D04FF0000081EA45
:10A30000030E0EF0004170BD00F01CF88900013E04
:10A3100000F007B800F009B84FEA430C5FEA5C5C54
:10A3200008D081EA030100F05BB84FEA410C5FEA14
:10A330005C5CF6D14FF00000014970470000FF0758
:10A340000000F87F0EF1020E2EF0030E5EF8046B93
:10A35000364205D4012A43EB030515F5001F12D838
:10A36000012841EB010C1CF5001F0CD80ED14FEA5F
:10A37000D17C15F5001F0CEB4C0C0CF1020C08BF46
:10A380004CEBD37C04E04FF0080C01E04FEAD37CA7
:10A390000CEB4C0526FA05F606F00706B6F1040CA0
:10A3A00006D20EEB860CBDE870404CF0010C604705
:10A3B000DFE80CF0090B02024FF000414FF0000003
:10A3C000A1F5002170BD19461046012851EB01048A
:10A3D00018BFD4F5001484BF002001F0004170BD07
:10A3E0000808A0F500114FEA3101704753EA010C4B
:10A3F00017D41CF5801F58BFBCF5801F00F10680E4
:10A400008B4218BF704708BF8242704707D713F5C9
:10A41000801F58BF11F5801F19D48B4270479B4293
:10A4200070471CF5801F08D5BCF5801FF7D59942F1
:10A4300018BF704708BF904270474FF4001C1CEBD8
:10A44000430F38BF1CEB410F01D2994270470FB444
:10A450000CBC03BCFFF7C1BE91EA030F10B581F03D
:10A4600000413FF52BAC83F0004300F009B8000039
:10A4700010B591EA030F48BF83F000433FF51EACCF
:10A48000841A71EB030C07D212198CF0004C43EBC9
:10A490000C03001B61EB0C01DFF8A4E14FEA11543F
:10A4A000A4EB135C1EEA430F18BF9EEA445F00F062
:10A4B000B08023EA6E03524221EA0451C3EB6E03DB
:10A4C00038BF5B1EDCF1200E25D322FA0CFE10EB08
:10A4D0000E0043FA0CFE41EB0E01CCF1200E03FA04
:10A4E0000EFE10EB0E0051F10001CCF1200E29D42C
:10A4F00012FA0EF201EB0451BDE8104058BF70474C
:10A50000401C1CBFB2F1004F704700280CBF491C13
:10A5100020F00100704712EB020E43EB030218BF5C
:10A520004FF0010E4EEA4202ACF1200CDCF11E0E9F
:10A5300054D943FA0CFE10EB0E0051F1FF31CCF16F
:10A540001E0ED5D50EF1010E12FA0EFE404141EB62
:10A55000010101EB445C5FEA5C5C10D910EBDE703A
:10A5600001EB045138BFBEF1004FBDE8104018BFE9
:10A57000704700280CBF491C20F00100704730D202
:10A580004FEAD42C11F5001124F400641BD0B1FA69
:10A5900081F20B3AA41AA41ED2F12003914030FAA2
:10A5A00003F31943904001EBCC71002C01EB0451F3
:10A5B000BDE81040A8BF704701F1C0414FF0000056
:10A5C00001F000417047B0FA80F310FA03F100D1B6
:10A5D00010BDE41A173C4805C90AE4E701EB045131
:10A5E00010BD491001EB0451BDE810404FEA3000A6
:10A5F00002E04FF0000170474A0008BF0042F8D067
:10A60000B2F5001F28BF704701F000414FF0000075
:10A6100070479EEA445F07D011EA5E0FBDE8104024
:10A6200004BF002100207047BDE8104070B5FFF75F
:10A6300089FE00BF40DFF63E83F0004110467047C0
:10A640000000E0FF43004FEAD30C4FEA3C0C4340CC
:10A650001FBF40070CF1605113F0FE4F70471CF014
:10A66000006F03D100200CF0004170470CF0004354
:10A6700043EA507010B540EACC0000F00EF800BF7D
:10A68000000000924FEA0001FFF7AABE4FF0004120
:10A690004FF00000A1F5002170470EF1020E2EF0E0
:10A6A000030E5EF8044B244204D44FEA4102B2F197
:10A6B0007F4F11D84FEA4003B3F17F4F0CD80ED132
:10A6C0004FEAD07CB2F17F4F0CEB4C0C0CF1020C3A
:10A6D00008BF4CEBD17C04E04FF0080C01E04FEADE
:10A6E000D17C0CEB4C0324FA03F404F00704B4F11E
:10A6F000040C06D20EEB840CBDE810404CF0010CAB
:10A700006047DFE80CF0070802024FF00040A0F5B8
:10A71000800010BD0846420018BFD2F1807288BF89
:10A7200000F0004010BD4FF04070E1EE100A70479D
:10A73000FF2141EAD050C0057047F6F7B6BCF6F7E6
:10A74000EBBD000000005442000054C200000EC3E4
:10A7500000000E431CEB623D1CEB623D8D286D3DFD
:10A760008D286D3D00000000000000000102030480
:10A7700006070809000000000102030400000000B1
:10A78000000000000000000000000000000000F8D1
:10A7900000000000000000333000000000160E0032
:10A7A000160E0000000000000000000040C07840CD
:10A7B000C0784000043F04043F040400007088FC9B
:10A7C00008300000001820FF211E0000F008F000F3
:10A7D000E018000000211C031E211E0000F0088864
:10A7E000700000001E2123241927211000000016EC
:10A7F0000E0000000000000000000000000000E06B
:10A80000180402000000000718204000000204188D
:10A81000E00000000040201807000000404080F0E9
:10A82000804040000202010F01020200000000F01F
:10A83000000000000101011F0101010000000000F3
:10A840000000000000B070000000000000000000E8
:10A8500000000000000101010101010100000000F1
:10A860000000000000303000000000000000000088
:10A8700080601804006018060100000000E0100865
:10A880000810E000000F102020100F00001010F83A
:10A89000000000000020203F202000000070080879
:10A8A00008887000003028242221300000300888F9
:10A8B000884830000018202020110E000000C02021
:10A8C00010F8000000070424243F240000F8088842
:10A8D000880808000019212020110E0000E01088CF
:10A8E00088180000000F112020110E000038080801
:10A8F000C83808000000003F000000000070880811
:10A9000008887000001C222121221C0000E0100891
:10A910000810E0000000312222110F00000000C0EA
:10A92000C00000000000003030000000000000C047
:10A93000C0000000000080B07000000000008040F7
:10A940002010080000010204081020004040404090
:10A9500040404000040404040404040000081020E3
:10A960004080000000201008040201000070480828
:10A970000808F0000000003036010000C030C82890
:10A98000E810E0000718272423140B000000C0384B
:10A99000E0000000203C23020227382008F88888C5
:10A9A00088700000203F202020110E00C0300808D1
:10A9B00008083800071820202010080008F80808A8
:10A9C0000810E000203F202020100F0008F88888A1
:10A9D000E8081000203F20202320180008F888886D
:10A9E000E8081000203F200003000000C0300808E5
:10A9F0000838000007182020221E020008F808006E
:10AA00000008F808203F210101213F20000808F834
:10AA1000080800000020203F202000000000080857
:10AA2000F8080800C08080807F00000008F888C017
:10AA300028180800203F20012638200008F80800C8
:10AA400000000000203F20202020300008F8F800FF
:10AA5000F8F80800203F003F003F200008F830C011
:10AA60000008F808203F200007183F00E010080801
:10AA70000810E0000F10202020100F0008F8080830
:10AA80000808F000203F210101010000E010080843
:10AA90000810E0000F18242438504F0008F8888868
:10AAA00088887000203F2000030C30200070880848
:10AAB000080838000038202121221C00180808F856
:10AAC000080818000000203F2000000008F80800D7
:10AAD0000008F808001F202020201F0008788800A8
:10AAE00000C83808000007380E010000F80800F818
:10AAF0000008F800033C0700073C030008186880C2
:10AB00008068180820302C03032C30200838C80037
:10AB1000C83808000000203F200000001008080886
:10AB2000C83808002038262120201800000000FE28
:10AB3000020202000000007F40404000000C30C0D4
:10AB400000000000000000010638C0000002020200
:10AB5000FE000000004040407F0000000020100880
:10AB600004081020000000000000000000000000A9
:10AB700000000000808080808080808000020408C7
:10AB800000000000000000000000000000008080C5
:10AB9000808000000019242222223F2008F8008033
:10ABA00080000000003F112020110E0000000080F6
:10ABB00080800000000E1120202011000000008085
:10ABC0008088F800000E112020103F2000008080B7
:10ABD00080800000001F222222221300008080F0CB
:10ABE000888888180020203F2020000000008080F6
:10ABF00080808000006B94949493600008F800803B
:10AC000080800000203F210000203F200080989895
:10AC1000000000000020203F2020000000000080F5
:10AC20009898000000C08080807F000008F8000035
:10AC300080808000203F24022D302000000808F88A
:10AC4000000000000020203F202000008080808045
:10AC500080808000203F20003F20003F0080800057
:10AC60008080000000203F2100203F2000008080E5
:10AC700080800000001F202020201F008080008096
:10AC80008000000080FFA12020110E000000008045
:10AC900080808000000E112020A0FF808080800036
:10ACA0008080800020203F21200001000000808063
:10ACB000808080000033242424241900008080E058
:10ACC000808000000000001F202000008080000025
:10ACD00000808000001F202020103F208080800006
:10ACE0000080808000010E30080601008080008016
:10ACF000008080800F300C030C300F00008080003B
:10AD0000808080000020312E0E3120008080800065
:10AD10000080808080818E70180601000080808015
:10AD2000808080000021302C2221300000000000B3
:10AD3000807C020200000000003F40400000000054
:10AD4000FF00000000000000FF0000000002027C85
:10AD5000800000000040403F0000000000804040B4
:10AD600080000080000000000001010000000000E1
:10AD700000000000002F0000000007000700001482
:10AD80007F147F1400242A7F2A1200231308646290
:10AD900000364955225000000007000000001C2228
:10ADA0004100000041221C000014083E0814000865
:10ADB000083E0808000000A0600000080808080815
:10ADC000000060600000002010080402003E5149AD
:10ADD000453E0000427F400000426151494600214B
:10ADE00041454B31001814127F1000274545453965
:10ADF000003C4A49493000017109050300364949C0
:10AE0000493600064949291E000036360000000078
:10AE100056360000000814224100001414141414C3
:10AE2000000041221408000201510906003E495564
:10AE3000592E007C1211127C007F49494936003E90
:10AE400041414122007F4141221C007F4949494143
:10AE5000007F09090901003E4149497A007F08083D
:10AE6000087F0000417F4100002040413F01007FFA
:10AE700008142241007F40404040007F020C027FC6
:10AE8000007F0408107F003E4141413E007F0909D8
:10AE90000906003E4151215E007F091929460046FE
:10AEA000494949310001017F0101003F4040403FD5
:10AEB000001F2040201F003F4038403F006314081F
:10AEC00014630007087008070061514945430000FA
:10AED0007F414100000204081020000041417F0032
:10AEE0000004020102040040404040400000010212
:10AEF0000400002054545478007F484444380038FB
:10AF00004444442000384444487F00385454541882
:10AF100000087E0901020018A4A4A47C007F080494
:10AF200004780000447D4000004080847D00007F64
:10AF3000102844000000417F4000007C0418047881
:10AF4000007C0804047800384444443800FC24247D
:10AF500024180018242418FC007C08040408004865
:10AF60005454542000043F444020003C4040207C86
:10AF7000001C2040201C003C4030403C0044281075
:10AF80002844001CA0A0A07C004464544C44000051
:10AF9000087F41000000007F00000000417F0800A2
:10AFA0000008040810080000000000000080C0E055
:10AFB000E0F0F0F0F0F0F8F8F8F8F8F8F8F8F8F851
:10AFC000F8F8F8F8F8F8F8F8000000000000F8F8D1
:10AFD000F8F8F8F8F8F8F8F8F8F8F8F8F8F8F8F8F1
:10AFE000F8F8F8F8F8F8F8F8F8F8F8F8F8F8F8F8E1
:10AFF000F8F8F8F8F8F8F8F8F0F0F0E0C0800000A1
:10B00000000000C0E0F8F8F8F8F8F8F8F8F838B8F8
:10B01000F8F8F8F8F8F8F8F8F89838387878F8F890
:10B020000000000000000000000000FEFFFFFFFF26
:10B030000F070301010000000000000000000000F5
:10B0400000000000000000000000000000000101FE
:10B0500001010101010101010101010101010101E0
:10B0600001010101010101010101010101010101D0
:10B0700001010101010183C7FFFFFFFFFFFF3C80CA
:10B08000E0FCFFFFFFFF7FFFFF7F1F0F07070303AA
:10B09000070707FFFFFFFFFFFFFFF8F0F0E08081E9
:10B0A00080F0F0C000000000000000071F3F7F7F1D
:10B0B000FFFEFCF8F8F8F8F0F0F0F0F0F0F0F0F047
:10B0C000F0F0F0F0F0F0F0F0F0F0F0F0F0F0F0F080
:10B0D000E0E0C0800000000000FCFEFEFEFEFEFE80
:10B0E000FEFEFEFEFEFE3E3E3E3E3E3E3E3E3E3E00
:10B0F0003E3E3E3E3F3F3F3F3F1F1F0F070100FFC9
:10B10000FFFFFFFFFF70FEFFFFFEF8F0E0F0F0F042
:10B11000F8F8FCFFFFFFFF7F7F7F3F3F3F3F3FFF90
:10B12000FFFFFFFFFF000000000000000000000024
:10B130000000000001010101010101010101010103
:10B14000010101010101010101010103078FFFFF5D
:10B15000FFFFFFFFFFFC000000FFFFFFFFFFFF0FEF
:10B1600007070F1F1F3F7F7FFEFCFCF8F0F0E0C0D9
:10B17000C080800000000000000000000000000708
:10B180007FFFFFFFFFF8E1870F07070F1F3F7F7F5C
:10B19000FFFFFFFFFFFF8F80800000000080C0E006
:10B1A000FBFF3F1F070000FEFEFEFEFEFEFEFEFE52
:10B1B000FEFEFEFEFEFEFEFEFEFEFEFEFEFEFEFEAF
:10B1C000FEFEFEFEFEFEFEFEFEFEFEFFFFFFFF7F1A
:10B1D0003F3F1F0F0701000000FFFFFFFFFFFF00C1
:10B1E00000000000000000000000010303070F0F33
:10B1F0001F1F3F7FFEFEFCF8F8F0E0E0C0C000003B
:10B200000001071F3F7FFFFFFFFEFCF8F0F0E0E0CA
:10B21000CFCFCFDFFFFFFFFFDFCFEFE7F7FFFFFF6E
:10B22000FFFF000000000000000000000000000020
:10B23000000000000000000000000000000000000E
:10B2400000000000000000000000000000000000FE
:10B2500000000000000000000000000000000000EE
:10B2600000000000000000000000000000000000DE
:10B2700000000000000000000000000000000000CE
:10B2800000000000000000000000000000000000BE
:10B2900000000000000000000000000000000000AE
:10B2A00000000000000000005CB50008095E000816
:10B2B000020000000000000080000000000000000C
:10B2C0000000000088B500084922000801000000C5
:10B2D000000000000002000000000000000000006C
:10B2E00068B500082D5600080000000000000000AE
:10B2F00000040000000000000000000078B5000815
:10B3000011230008FEFF0000000000000002000002
:10B31000000000000000000054B5000809230008E8
:10B32000FDFF0000000000008000000000000000A1
:10B330000000000000000000000000003031323347
:10B340003435363738394142434445464030580059
:10B35000303132333435363738396162636465668B
:10B3600040307800040000080000000000000002E7
:10B3700000010000100000004C5555555555A53FE3
:10B380007751C1166CC156BF9015CB19A001FA3E7A
:10B39000AD529C804F7E92BEC4B1B4BD9EEE213EA4
:10B3A000D43888BEE9FAA8BD00004054FB21F93F1B
:10B3B0003163621A61B4D03D0000601A61B4D03DBF
:10B3C0007370032E8A19A33B0000002E8A19A33B39
:10B3D000C14920259A837B3900000000000000004D
:10B3E0006E83F9A22915444ED15727FCC0DD34F5F0
:10B3F000999562DB4190433CAB6351FE61C5BBDE76
:10B400003A6E24B7E0D24D42EA2E49061C92D10989
:10B410001CEB1DFE3EA729B1F53582E88444BB2E06
:10B4200026709CE9417E5FB439D69139F439538353
:10B430008B5F849C3B28F9BDFF97F81F0F9805DEB2
:10B440008B112FEF1F6D0A5ACF7E366DB709CB27B0
:10B45000663F464F2DEA5F9EC7BA27757BF1E5EB45
:10B46000F739073DEA92528AB15FFB6B085D8D1F89
:10B47000A6F810111111813FD561C119A0012ABF91
:10B480007DFEB157E31DC73EEB9C2B8AE6E55ABE15
:10B490007CD5CF5A3AD9E53D303132333435363761
:10B4A00038396162636465667870003031323334F4
:10B4B000353637383941424344454658500000003C
:10B4C00002400000000000A0000000000540000055
:10B4D000000000C8000000000C4000000000409C7C
:10B4E00000000000194000000020BCBE0000000069
:10B4F00034400000BFC91B8E00000004B5400000AE
:10B50000504BCFD06607E2CF010000006C41000035
:10B510003E8251AADFEEA73401000000D9420000AC
:10B52000DCB5A0E23A301F97FFFFFFFFB4450000F3
:10B53000FD25A0C8E9A3C14FFFFFFFFFFF3F0000AB
:10B540000000008000000000FF3F000000000080BD
:10B550000000000049646C65000000004D6F746FCE
:10B5600072557064617465005374617465735570CD
:10B570006461746500000000446973706C61795304
:10B580007461746500000000436F6D6D756E6963D2
:10B590006174696F6E000000E4B6000800000020CE
:10B5A0005C010000C401000808B700085C0100202D
:10B5B000FC710000200200081C0000004300000095
:10B5C000F8FFFFFF0C0000000E0000000F0000005D
:10B5D0002E0000001001000043000000F8FFFFFFF4
:10B5E0000040404040404040404041414141414096
:10B5F000404040404040404040404040404040404B
:10B6000040050202020202020202020202020202D9
:10B6100002202020202020202020200202020202DE
:10B620000202909090909090101010101010101036
:10B630001010101010101010101010100202020242
:10B640000202888888888888080808080808080886
:10B650000808080808080808080808080202020282
:10B66000400000000000000000000000000000009A
:10B6700000000000000000000000000000000000CA
:10B6800000000000000000000000000000000000BA
:10B6900000000000000000000000000000000000AA
:10B6A000000000000000000000000000000000009A
:10B6B000000000000000000000000000000000008A
:10B6C000000000000000000000000000000000007A
:10B6D000000000000000000000000000000000006A
:10B6E00000000000C1B205021F01A92C0131120C9B
:10B6F00012401A04041A0804211240036124F42998
:08B70000D00267101AAA0141F2
:040000050800018965
:00000001FF
